[2025-09-23 02:50:01] [INFO] RAG Chatbot initialized successfully {"userId":1}
[2025-09-23 02:50:01] [INFO] Starting parallel hybrid retrieval {"query_length":11,"intent":"tour_search","cities_count":1}
[2025-09-23 02:50:01] [INFO] Embedding generated successfully {"duration_ms":689.78}
[2025-09-23 02:50:01] [WARNING] No vectors found in database 
[2025-09-23 02:50:01] [INFO] No similar items found via semantic search 
[2025-09-23 02:50:01] [INFO] BM25 search completed {"results_count":8,"max_score":1.1702163334998843}
[2025-09-23 02:50:01] [INFO] SQL search completed {"searched_tours":true,"searched_hotels":false,"total_results":8,"final_results":8}
[2025-09-23 02:50:01] [INFO] Parallel retrieval completed {"semantic_count":0,"bm25_count":8,"sql_count":8,"retrieval_time_ms":701.86}
[2025-09-23 02:50:01] [INFO] Result merging completed {"unified_count":8,"final_count":3}
[2025-09-23 02:50:01] [INFO] Hybrid search completed {"final_results_count":3,"confidence_score":0.47}
[2025-09-23 02:50:03] [INFO] Vietnamese response generated {"match_level":"hybrid_match","duration_ms":1461.03}
[2025-09-23 02:50:04] [INFO] Hybrid response generated successfully {"response_type":"tour_search","confidence":0.47,"display_items":3}
[2025-09-23 02:50:04] [INFO] Message processed successfully {"processingTime":"3267.52ms","confidence":0.47}
[2025-09-23 02:50:20] [INFO] RAG Chatbot initialized successfully {"userId":1}
[2025-09-23 02:50:20] [INFO] Starting parallel hybrid retrieval {"query_length":44,"intent":"hotel_search","cities_count":2}
[2025-09-23 02:50:21] [INFO] Embedding generated successfully {"duration_ms":666.65}
[2025-09-23 02:50:21] [WARNING] No vectors found in database 
[2025-09-23 02:50:21] [INFO] No similar items found via semantic search 
[2025-09-23 02:50:21] [INFO] BM25 search completed {"results_count":10,"max_score":3.392759358388718}
[2025-09-23 02:50:21] [INFO] SQL search completed {"searched_tours":false,"searched_hotels":true,"total_results":11,"final_results":11}
[2025-09-23 02:50:21] [INFO] Parallel retrieval completed {"semantic_count":0,"bm25_count":10,"sql_count":11,"retrieval_time_ms":678.02}
[2025-09-23 02:50:21] [INFO] Result merging completed {"unified_count":11,"final_count":6}
[2025-09-23 02:50:21] [INFO] Hybrid search completed {"final_results_count":6,"confidence_score":0.6}
[2025-09-23 02:50:23] [INFO] Vietnamese response generated {"match_level":"hybrid_match","duration_ms":2011.89}
[2025-09-23 02:50:24] [INFO] Hybrid response generated successfully {"response_type":"hotel_search","confidence":0.6,"display_items":6}
[2025-09-23 02:50:24] [INFO] Message processed successfully {"processingTime":"3810.67ms","confidence":0.6}
[2025-09-23 02:50:51] [INFO] RAG Chatbot initialized successfully {"userId":1}
[2025-09-23 02:50:51] [INFO] RAG Chatbot initialized successfully {"userId":1}
[2025-09-23 02:58:46] [INFO] RAG Chatbot initialized successfully {"userId":1}
[2025-09-23 02:58:46] [INFO] RAG Chatbot initialized successfully {"userId":1}
[2025-09-23 03:00:08] [INFO] RAG Chatbot initialized successfully {"userId":1}
[2025-09-23 03:00:08] [INFO] RAG Chatbot initialized successfully {"userId":1}
[2025-09-23 03:17:26] [INFO] RAG Chatbot initialized successfully {"userId":1}
[2025-09-23 03:17:26] [INFO] RAG Chatbot initialized successfully {"userId":1}
[2025-09-23 03:17:34] [INFO] RAG Chatbot initialized successfully {"userId":1}
[2025-09-23 03:17:34] [INFO] Starting parallel hybrid retrieval {"query_length":44,"intent":"hotel_search","cities_count":2}
[2025-09-23 03:17:35] [INFO] Embedding generated successfully {"duration_ms":735.98}
[2025-09-23 03:17:35] [WARNING] No vectors found in database 
[2025-09-23 03:17:35] [INFO] No similar items found via semantic search 
[2025-09-23 03:17:35] [INFO] BM25 search completed {"results_count":10,"max_score":3.392759358388718}
[2025-09-23 03:17:35] [INFO] SQL search completed {"searched_tours":false,"searched_hotels":true,"total_results":11,"final_results":11}
[2025-09-23 03:17:35] [INFO] Parallel retrieval completed {"semantic_count":0,"bm25_count":10,"sql_count":11,"retrieval_time_ms":753.07}
[2025-09-23 03:17:35] [INFO] Result merging completed {"unified_count":11,"final_count":6}
[2025-09-23 03:17:35] [INFO] Hybrid search completed {"final_results_count":6,"confidence_score":0.6}
[2025-09-23 03:17:37] [INFO] Vietnamese response generated {"match_level":"hybrid_match","duration_ms":2129.46}
[2025-09-23 03:17:38] [INFO] Hybrid response generated successfully {"response_type":"hotel_search","layout_type":"multi_city_hotels","confidence":0.6,"display_items":6}
[2025-09-23 03:17:38] [INFO] Message processed successfully {"processingTime":"4072.86ms","confidence":0.6}
[2025-09-23 03:17:41] [INFO] RAG Chatbot initialized successfully {"userId":1}
[2025-09-23 03:17:41] [INFO] RAG Chatbot initialized successfully {"userId":1}
[2025-09-23 03:39:49] [INFO] RAG Chatbot initialized successfully {"userId":1}
[2025-09-23 03:39:50] [INFO] RAG Chatbot initialized successfully {"userId":1}
[2025-09-23 03:39:53] [INFO] RAG Chatbot initialized successfully {"userId":1}
[2025-09-23 03:39:53] [INFO] Starting parallel hybrid retrieval {"query_length":44,"intent":"hotel_search","cities_count":2}
[2025-09-23 03:39:54] [INFO] Embedding generated successfully {"duration_ms":713.98}
[2025-09-23 03:39:54] [WARNING] No vectors found in database 
[2025-09-23 03:39:54] [INFO] No similar items found via semantic search 
[2025-09-23 03:39:54] [INFO] BM25 search completed {"results_count":10,"max_score":3.392759358388718}
[2025-09-23 03:39:54] [INFO] SQL search completed {"searched_tours":false,"searched_hotels":true,"total_results":11,"final_results":11}
[2025-09-23 03:39:54] [INFO] Parallel retrieval completed {"semantic_count":0,"bm25_count":10,"sql_count":11,"retrieval_time_ms":723.8}
[2025-09-23 03:39:54] [INFO] Result merging completed {"unified_count":11,"final_count":6}
[2025-09-23 03:39:54] [INFO] Hybrid search completed {"final_results_count":6,"confidence_score":0.6}
[2025-09-23 03:39:55] [INFO] Vietnamese response generated {"match_level":"hybrid_match","duration_ms":1354.01}
[2025-09-23 03:39:56] [INFO] Hybrid response generated successfully {"response_type":"hotel_search","layout_type":"multi_city_hotels","confidence":0.6,"display_items":6}
[2025-09-23 03:39:56] [INFO] Message processed successfully {"processingTime":"3184.62ms","confidence":0.6}
[2025-09-23 03:40:01] [INFO] RAG Chatbot initialized successfully {"userId":1}
[2025-09-23 04:21:14] [INFO] RAG Chatbot initialized successfully {"userId":1}
[2025-09-23 04:21:14] [INFO] RAG Chatbot initialized successfully {"userId":1}
[2025-09-23 04:21:16] [INFO] RAG Chatbot initialized successfully {"userId":1}
[2025-09-23 04:38:55] [INFO] RAG Chatbot initialized successfully {"userId":1}
[2025-09-23 04:38:57] [INFO] RAG Chatbot initialized successfully {"userId":1}
[2025-09-23 04:39:10] [INFO] RAG Chatbot initialized successfully {"userId":1}
[2025-09-23 04:39:10] [INFO] Starting parallel hybrid retrieval {"query_length":44,"intent":"hotel_search","cities_count":2}
[2025-09-23 04:39:11] [INFO] Embedding generated successfully {"duration_ms":764.39}
[2025-09-23 04:39:11] [WARNING] No vectors found in database 
[2025-09-23 04:39:11] [INFO] No similar items found via semantic search 
[2025-09-23 04:39:11] [INFO] BM25 search completed {"results_count":10,"max_score":3.392759358388718}
[2025-09-23 04:39:11] [INFO] SQL search completed {"searched_tours":false,"searched_hotels":true,"total_results":11,"final_results":11}
[2025-09-23 04:39:11] [INFO] Parallel retrieval completed {"semantic_count":0,"bm25_count":10,"sql_count":11,"retrieval_time_ms":804.35}
[2025-09-23 04:39:11] [INFO] Result merging completed {"unified_count":11,"final_count":6}
[2025-09-23 04:39:11] [INFO] Hybrid search completed {"final_results_count":6,"confidence_score":0.6}
[2025-09-23 04:39:12] [INFO] Vietnamese response generated {"match_level":"hybrid_match","duration_ms":1466.38}
[2025-09-23 04:39:13] [INFO] Hybrid response generated successfully {"response_type":"hotel_search","layout_type":"multi_city_hotels","confidence":0.6,"display_items":6}
[2025-09-23 04:39:13] [INFO] Message processed successfully {"processingTime":"3387.55ms","confidence":0.6}
[2025-09-23 04:43:32] [INFO] RAG Chatbot initialized successfully {"userId":1}
[2025-09-23 04:43:39] [INFO] RAG Chatbot initialized successfully {"userId":1}
[2025-09-23 04:43:39] [INFO] Starting parallel hybrid retrieval {"query_length":44,"intent":"hotel_search","cities_count":2}
[2025-09-23 04:43:40] [INFO] Embedding generated successfully {"duration_ms":674.93}
[2025-09-23 04:43:40] [WARNING] No vectors found in database 
[2025-09-23 04:43:40] [INFO] No similar items found via semantic search 
[2025-09-23 04:43:40] [INFO] BM25 search completed {"results_count":10,"max_score":3.392759358388718}
[2025-09-23 04:43:40] [INFO] SQL search completed {"searched_tours":false,"searched_hotels":true,"total_results":11,"final_results":11}
[2025-09-23 04:43:40] [INFO] Parallel retrieval completed {"semantic_count":0,"bm25_count":10,"sql_count":11,"retrieval_time_ms":692}
[2025-09-23 04:43:40] [INFO] Result merging completed {"unified_count":11,"final_count":6}
[2025-09-23 04:43:40] [INFO] Hybrid search completed {"final_results_count":6,"confidence_score":0.6}
[2025-09-23 04:43:41] [INFO] Vietnamese response generated {"match_level":"hybrid_match","duration_ms":1403.7}
[2025-09-23 04:43:42] [INFO] Hybrid response generated successfully {"response_type":"hotel_search","layout_type":"multi_city_hotels","confidence":0.6,"display_items":6}
[2025-09-23 04:43:42] [INFO] Message processed successfully {"processingTime":"3145.46ms","confidence":0.6}
[2025-09-23 04:56:14] [INFO] RAG Chatbot initialized successfully {"userId":1}
[2025-09-23 04:56:19] [INFO] RAG Chatbot initialized successfully {"userId":1}
[2025-09-23 04:56:19] [INFO] Starting parallel hybrid retrieval {"query_length":44,"intent":"hotel_search","cities_count":2}
[2025-09-23 04:56:20] [INFO] Embedding generated successfully {"duration_ms":693.85}
[2025-09-23 04:56:20] [WARNING] No vectors found in database 
[2025-09-23 04:56:20] [INFO] No similar items found via semantic search 
[2025-09-23 04:56:20] [INFO] BM25 search completed {"results_count":10,"max_score":3.392759358388718}
[2025-09-23 04:56:20] [INFO] SQL search completed {"searched_tours":false,"searched_hotels":true,"total_results":11,"final_results":11}
[2025-09-23 04:56:20] [INFO] Parallel retrieval completed {"semantic_count":0,"bm25_count":10,"sql_count":11,"retrieval_time_ms":725.45}
[2025-09-23 04:56:20] [INFO] Result merging completed {"unified_count":11,"final_count":6}
[2025-09-23 04:56:20] [INFO] Hybrid search completed {"final_results_count":6,"confidence_score":0.6}
[2025-09-23 04:56:22] [INFO] Vietnamese response generated {"match_level":"hybrid_match","duration_ms":1483.6}
[2025-09-23 04:56:23] [INFO] Hybrid response generated successfully {"response_type":"hotel_search","layout_type":"multi_city_hotels","confidence":0.6,"display_items":6}
[2025-09-23 04:56:23] [INFO] Message processed successfully {"processingTime":"3288.75ms","confidence":0.6}
[2025-09-23 04:56:39] [INFO] RAG Chatbot initialized successfully {"userId":1}
[2025-09-23 04:56:39] [INFO] RAG Chatbot initialized successfully {"userId":1}
[2025-09-23 04:56:41] [INFO] RAG Chatbot initialized successfully {"userId":1}
[2025-09-23 04:56:41] [INFO] Starting parallel hybrid retrieval {"query_length":44,"intent":"hotel_search","cities_count":2}
[2025-09-23 04:56:42] [INFO] Embedding generated successfully {"duration_ms":652.67}
[2025-09-23 04:56:42] [WARNING] No vectors found in database 
[2025-09-23 04:56:42] [INFO] No similar items found via semantic search 
[2025-09-23 04:56:42] [INFO] BM25 search completed {"results_count":10,"max_score":3.392759358388718}
[2025-09-23 04:56:42] [INFO] SQL search completed {"searched_tours":false,"searched_hotels":true,"total_results":11,"final_results":11}
[2025-09-23 04:56:42] [INFO] Parallel retrieval completed {"semantic_count":0,"bm25_count":10,"sql_count":11,"retrieval_time_ms":670.66}
[2025-09-23 04:56:42] [INFO] Result merging completed {"unified_count":11,"final_count":6}
[2025-09-23 04:56:42] [INFO] Hybrid search completed {"final_results_count":6,"confidence_score":0.6}
[2025-09-23 04:56:44] [INFO] Vietnamese response generated {"match_level":"hybrid_match","duration_ms":1501.35}
[2025-09-23 04:56:45] [INFO] Hybrid response generated successfully {"response_type":"hotel_search","layout_type":"multi_city_hotels","confidence":0.6,"display_items":6}
[2025-09-23 04:56:45] [INFO] Message processed successfully {"processingTime":"3263.24ms","confidence":0.6}
[2025-09-23 05:05:08] [INFO] RAG Chatbot initialized successfully {"userId":1}
[2025-09-23 05:05:08] [INFO] Starting parallel hybrid retrieval {"query_length":44,"intent":"hotel_search","cities_count":2}
[2025-09-23 05:05:09] [INFO] Embedding generated successfully {"duration_ms":725.68}
[2025-09-23 05:05:09] [WARNING] No vectors found in database 
[2025-09-23 05:05:09] [INFO] No similar items found via semantic search 
[2025-09-23 05:05:09] [INFO] BM25 search completed {"results_count":10,"max_score":3.392759358388718}
[2025-09-23 05:05:09] [INFO] SQL search completed {"searched_tours":false,"searched_hotels":true,"total_results":11,"final_results":11}
[2025-09-23 05:05:09] [INFO] Parallel retrieval completed {"semantic_count":0,"bm25_count":10,"sql_count":11,"retrieval_time_ms":760.99}
[2025-09-23 05:05:09] [INFO] Result merging completed {"unified_count":11,"final_count":6}
[2025-09-23 05:05:09] [INFO] Hybrid search completed {"final_results_count":6,"confidence_score":0.6}
[2025-09-23 05:05:11] [INFO] Vietnamese response generated {"match_level":"hybrid_match","duration_ms":1880.43}
[2025-09-23 05:05:12] [INFO] Hybrid response generated successfully {"response_type":"hotel_search","layout_type":"multi_city_hotels","confidence":0.6,"display_items":6}
[2025-09-23 05:05:12] [INFO] Message processed successfully {"processingTime":"3802.36ms","confidence":0.6}
[2025-09-23 07:19:29] [INFO] RAG Chatbot initialized successfully {"userId":1}
[2025-09-23 07:19:29] [INFO] Starting parallel hybrid retrieval {"query_length":36,"intent":"tour_search","cities_count":2}
[2025-09-23 07:19:31] [INFO] Embedding generated successfully {"duration_ms":1750.53}
[2025-09-23 07:19:31] [WARNING] No vectors found in database 
[2025-09-23 07:19:31] [INFO] No similar items found via semantic search 
[2025-09-23 07:19:31] [INFO] BM25 search completed {"results_count":3,"max_score":3.7398767365081764}
[2025-09-23 07:19:31] [INFO] SQL search completed {"searched_tours":true,"searched_hotels":false,"total_results":3,"final_results":3}
[2025-09-23 07:19:31] [INFO] Parallel retrieval completed {"semantic_count":0,"bm25_count":3,"sql_count":3,"retrieval_time_ms":1907.4}
[2025-09-23 07:19:31] [INFO] Result merging completed {"unified_count":3,"final_count":3}
[2025-09-23 07:19:31] [INFO] Hybrid search completed {"final_results_count":3,"confidence_score":0.62}
[2025-09-23 07:19:34] [INFO] Vietnamese response generated {"match_level":"hybrid_match","duration_ms":2507.33}
[2025-09-23 07:19:36] [INFO] Hybrid response generated successfully {"response_type":"tour_search","layout_type":"single_tours","confidence":0.62,"display_items":3}
[2025-09-23 07:19:36] [INFO] Message processed successfully {"processingTime":"6435.72ms","confidence":0.62}
[2025-09-23 07:21:10] [INFO] RAG Chatbot initialized successfully {"userId":1}
[2025-09-23 07:21:10] [INFO] Starting parallel hybrid retrieval {"query_length":88,"intent":"tour_search","cities_count":1}
[2025-09-23 07:21:12] [INFO] Embedding generated successfully {"duration_ms":1418.32}
[2025-09-23 07:21:12] [WARNING] No vectors found in database 
[2025-09-23 07:21:12] [INFO] No similar items found via semantic search 
[2025-09-23 07:21:12] [WARNING] No documents found for BM25 search {"filters":{"cityIds":[12],"budget":6000000,"price_condition":"under","duration":4,"item_focus":"tour"}}
[2025-09-23 07:21:12] [INFO] SQL search completed {"searched_tours":true,"searched_hotels":false,"total_results":0,"final_results":0}
[2025-09-23 07:21:12] [INFO] Parallel retrieval completed {"semantic_count":0,"bm25_count":0,"sql_count":0,"retrieval_time_ms":1439.02}
[2025-09-23 07:21:12] [INFO] Result merging completed {"unified_count":0,"final_count":0}
[2025-09-23 07:21:12] [INFO] Hybrid search completed {"final_results_count":0,"confidence_score":0.1}
[2025-09-23 07:21:12] [INFO] Message processed successfully {"processingTime":"1450.1ms","confidence":0.1}
[2025-09-23 07:21:42] [INFO] RAG Chatbot initialized successfully {"userId":1}
[2025-09-23 07:21:42] [INFO] Starting parallel hybrid retrieval {"query_length":54,"intent":"tour_search","cities_count":2}
[2025-09-23 07:21:44] [INFO] Embedding generated successfully {"duration_ms":1356.84}
[2025-09-23 07:21:44] [WARNING] No vectors found in database 
[2025-09-23 07:21:44] [INFO] No similar items found via semantic search 
[2025-09-23 07:21:44] [INFO] BM25 search completed {"results_count":9,"max_score":4.825761237357842}
[2025-09-23 07:21:44] [INFO] SQL search completed {"searched_tours":true,"searched_hotels":false,"total_results":9,"final_results":9}
[2025-09-23 07:21:44] [INFO] Parallel retrieval completed {"semantic_count":0,"bm25_count":9,"sql_count":9,"retrieval_time_ms":1376.96}
[2025-09-23 07:21:44] [INFO] Result merging completed {"unified_count":9,"final_count":6}
[2025-09-23 07:21:44] [INFO] Hybrid search completed {"final_results_count":6,"confidence_score":0.7}
[2025-09-23 07:21:47] [INFO] Vietnamese response generated {"match_level":"hybrid_match","duration_ms":2946.8}
[2025-09-23 07:21:48] [INFO] Hybrid response generated successfully {"response_type":"tour_search","layout_type":"multi_city_tours","confidence":0.7,"display_items":6}
[2025-09-23 07:21:48] [INFO] Message processed successfully {"processingTime":"6077.91ms","confidence":0.7}
[2025-09-23 07:22:57] [INFO] RAG Chatbot initialized successfully {"userId":1}
[2025-09-23 07:22:57] [INFO] Starting parallel hybrid retrieval {"query_length":80,"intent":"tour_search","cities_count":2}
[2025-09-23 07:22:59] [INFO] Embedding generated successfully {"duration_ms":1481.28}
[2025-09-23 07:22:59] [WARNING] No vectors found in database 
[2025-09-23 07:22:59] [INFO] No similar items found via semantic search 
[2025-09-23 07:22:59] [INFO] BM25 search completed {"results_count":2,"max_score":1.654909810236179}
[2025-09-23 07:22:59] [INFO] SQL search completed {"searched_tours":true,"searched_hotels":false,"total_results":2,"final_results":2}
[2025-09-23 07:22:59] [INFO] Parallel retrieval completed {"semantic_count":0,"bm25_count":2,"sql_count":2,"retrieval_time_ms":1497.93}
[2025-09-23 07:22:59] [INFO] Result merging completed {"unified_count":2,"final_count":2}
[2025-09-23 07:22:59] [INFO] Hybrid search completed {"final_results_count":2,"confidence_score":0.42}
[2025-09-23 07:23:01] [INFO] Vietnamese response generated {"match_level":"hybrid_match","duration_ms":2441.82}
[2025-09-23 07:23:03] [INFO] Hybrid response generated successfully {"response_type":"tour_search","layout_type":"multi_city_tours","confidence":0.42,"display_items":1}
[2025-09-23 07:23:03] [INFO] Message processed successfully {"processingTime":"5694.63ms","confidence":0.42}
[2025-09-23 07:23:48] [INFO] RAG Chatbot initialized successfully {"userId":1}
[2025-09-23 07:23:55] [INFO] International plan generated {"city":"Khe Sanh Valley View","duration_ms":7365.41}
[2025-09-23 07:26:50] [INFO] RAG Chatbot initialized successfully {"userId":1}
[2025-09-23 07:26:50] [INFO] Starting parallel hybrid retrieval {"query_length":17,"intent":"tour_search","cities_count":1}
[2025-09-23 07:26:52] [INFO] Embedding generated successfully {"duration_ms":1328.12}
[2025-09-23 07:26:52] [WARNING] No vectors found in database 
[2025-09-23 07:26:52] [INFO] No similar items found via semantic search 
[2025-09-23 07:26:52] [INFO] BM25 search completed {"results_count":8,"max_score":2.2503858093899476}
[2025-09-23 07:26:52] [INFO] SQL search completed {"searched_tours":true,"searched_hotels":false,"total_results":8,"final_results":8}
[2025-09-23 07:26:52] [INFO] Parallel retrieval completed {"semantic_count":0,"bm25_count":8,"sql_count":8,"retrieval_time_ms":1348.95}
[2025-09-23 07:26:52] [INFO] Result merging completed {"unified_count":8,"final_count":3}
[2025-09-23 07:26:52] [INFO] Hybrid search completed {"final_results_count":3,"confidence_score":0.58}
[2025-09-23 07:26:54] [INFO] Vietnamese response generated {"match_level":"hybrid_match","duration_ms":2437.16}
[2025-09-23 07:26:56] [INFO] Hybrid response generated successfully {"response_type":"tour_search","layout_type":"single_tours","confidence":0.58,"display_items":3}
[2025-09-23 07:26:56] [INFO] Message processed successfully {"processingTime":"5444.63ms","confidence":0.58}
[2025-09-23 07:41:44] [INFO] RAG Chatbot initialized successfully {"userId":1}
[2025-09-23 07:41:44] [INFO] Starting parallel hybrid retrieval {"query_length":17,"intent":"tour_search","cities_count":1}
[2025-09-23 07:41:46] [INFO] Embedding generated successfully {"duration_ms":1444.91}
[2025-09-23 07:41:46] [WARNING] No vectors found in database 
[2025-09-23 07:41:46] [INFO] No similar items found via semantic search 
[2025-09-23 07:41:46] [INFO] BM25 search completed {"results_count":8,"max_score":2.2503858093899476}
[2025-09-23 07:41:46] [INFO] SQL search completed {"searched_tours":true,"searched_hotels":false,"total_results":8,"final_results":8}
[2025-09-23 07:41:46] [INFO] Parallel retrieval completed {"semantic_count":0,"bm25_count":8,"sql_count":8,"retrieval_time_ms":1468.21}
[2025-09-23 07:41:46] [INFO] Result merging completed {"unified_count":8,"final_count":3}
[2025-09-23 07:41:46] [INFO] Hybrid search completed {"final_results_count":3,"confidence_score":0.58}
[2025-09-23 07:41:48] [INFO] Vietnamese response generated {"match_level":"hybrid_match","duration_ms":2536.93}
[2025-09-23 07:41:50] [INFO] Hybrid response generated successfully {"response_type":"tour_search","layout_type":"single_tours","confidence":0.58,"display_items":3}
[2025-09-23 07:41:50] [INFO] Message processed successfully {"processingTime":"5660.91ms","confidence":0.58}
[2025-09-23 07:43:48] [INFO] RAG Chatbot initialized successfully {"userId":1}
[2025-09-23 07:43:48] [INFO] Starting parallel hybrid retrieval {"query_length":17,"intent":"tour_search","cities_count":1}
[2025-09-23 07:43:50] [INFO] Embedding generated successfully {"duration_ms":1441.07}
[2025-09-23 07:43:50] [WARNING] No vectors found in database 
[2025-09-23 07:43:50] [INFO] No similar items found via semantic search 
[2025-09-23 07:43:50] [INFO] BM25 search completed {"results_count":8,"max_score":2.2503858093899476}
[2025-09-23 07:43:50] [INFO] SQL search completed {"searched_tours":true,"searched_hotels":false,"total_results":8,"final_results":8}
[2025-09-23 07:43:50] [INFO] Parallel retrieval completed {"semantic_count":0,"bm25_count":8,"sql_count":8,"retrieval_time_ms":1457.04}
[2025-09-23 07:43:50] [INFO] Result merging completed {"unified_count":8,"final_count":3}
[2025-09-23 07:43:50] [INFO] Hybrid search completed {"final_results_count":3,"confidence_score":0.58}
[2025-09-23 07:43:52] [INFO] Vietnamese response generated {"match_level":"hybrid_match","duration_ms":2467.51}
[2025-09-23 07:43:55] [INFO] Hybrid response generated successfully {"response_type":"tour_search","layout_type":"single_tours","confidence":0.58,"display_items":3}
[2025-09-23 07:43:55] [INFO] Message processed successfully {"processingTime":"6662.36ms","confidence":0.58}
[2025-09-23 07:44:20] [INFO] RAG Chatbot initialized successfully {"userId":1}
[2025-09-23 07:44:20] [INFO] Starting parallel hybrid retrieval {"query_length":17,"intent":"tour_search","cities_count":1}
[2025-09-23 07:44:22] [INFO] Embedding generated successfully {"duration_ms":1493.34}
[2025-09-23 07:44:22] [WARNING] No vectors found in database 
[2025-09-23 07:44:22] [INFO] No similar items found via semantic search 
[2025-09-23 07:44:22] [INFO] BM25 search completed {"results_count":8,"max_score":2.2503858093899476}
[2025-09-23 07:44:22] [INFO] SQL search completed {"searched_tours":true,"searched_hotels":false,"total_results":8,"final_results":8}
[2025-09-23 07:44:22] [INFO] Parallel retrieval completed {"semantic_count":0,"bm25_count":8,"sql_count":8,"retrieval_time_ms":1509.94}
[2025-09-23 07:44:22] [INFO] Result merging completed {"unified_count":8,"final_count":3}
[2025-09-23 07:44:22] [INFO] Hybrid search completed {"final_results_count":3,"confidence_score":0.58}
[2025-09-23 07:44:24] [INFO] Vietnamese response generated {"match_level":"hybrid_match","duration_ms":2440.39}
[2025-09-23 07:44:26] [INFO] Hybrid response generated successfully {"response_type":"tour_search","layout_type":"single_tours","confidence":0.58,"display_items":3}
[2025-09-23 07:44:26] [INFO] Message processed successfully {"processingTime":"5599ms","confidence":0.58}
[2025-09-23 07:54:41] [INFO] RAG Chatbot initialized successfully {"userId":1}
[2025-09-23 07:54:41] [INFO] Starting parallel hybrid retrieval {"query_length":15,"intent":"hotel_search","cities_count":1}
[2025-09-23 07:54:42] [INFO] Embedding generated successfully {"duration_ms":1300.66}
[2025-09-23 07:54:42] [WARNING] No vectors found in database 
[2025-09-23 07:54:42] [INFO] No similar items found via semantic search 
[2025-09-23 07:54:42] [INFO] BM25 search completed {"results_count":10,"max_score":2.1344322392829285}
[2025-09-23 07:54:42] [INFO] SQL search completed {"searched_tours":false,"searched_hotels":true,"total_results":10,"final_results":10}
[2025-09-23 07:54:42] [INFO] Parallel retrieval completed {"semantic_count":0,"bm25_count":10,"sql_count":10,"retrieval_time_ms":1321.06}
[2025-09-23 07:54:42] [INFO] Result merging completed {"unified_count":10,"final_count":3}
[2025-09-23 07:54:42] [INFO] Hybrid search completed {"final_results_count":3,"confidence_score":0.5}
[2025-09-23 07:54:45] [INFO] Vietnamese response generated {"match_level":"hybrid_match","duration_ms":3249.91}
[2025-09-23 07:54:47] [INFO] Hybrid response generated successfully {"response_type":"hotel_search","layout_type":"single_hotels","confidence":0.5,"display_items":3}
[2025-09-23 07:54:47] [INFO] Message processed successfully {"processingTime":"6434.83ms","confidence":0.5}
[2025-09-23 08:36:35] [INFO] RAG Chatbot initialized successfully {"userId":1}
[2025-09-23 08:36:36] [INFO] Starting parallel hybrid retrieval {"query_length":16,"intent":"tour_search","cities_count":1}
[2025-09-23 08:36:36] [INFO] Embedding generated successfully {"duration_ms":876.26}
[2025-09-23 08:36:36] [WARNING] No vectors found in database 
[2025-09-23 08:36:36] [INFO] No similar items found via semantic search 
[2025-09-23 08:36:36] [INFO] BM25 search completed {"results_count":8,"max_score":1.1781046650939158}
[2025-09-23 08:36:36] [INFO] SQL search completed {"searched_tours":true,"searched_hotels":false,"total_results":8,"final_results":8}
[2025-09-23 08:36:36] [INFO] Parallel retrieval completed {"semantic_count":0,"bm25_count":8,"sql_count":8,"retrieval_time_ms":942.36}
[2025-09-23 08:36:36] [INFO] Result merging completed {"unified_count":8,"final_count":3}
[2025-09-23 08:36:36] [INFO] Hybrid search completed {"final_results_count":3,"confidence_score":0.48}
[2025-09-23 08:36:38] [INFO] Vietnamese response generated {"match_level":"hybrid_match","duration_ms":2019.58}
[2025-09-23 08:36:41] [INFO] Hybrid response generated successfully {"response_type":"tour_search","layout_type":"single_tours","confidence":0.48,"display_items":3}
[2025-09-23 08:36:41] [INFO] Message processed successfully {"processingTime":"5216.53ms","confidence":0.48}
[2025-09-23 08:37:04] [INFO] RAG Chatbot initialized successfully {"userId":1}
[2025-09-23 08:37:04] [INFO] Starting parallel hybrid retrieval {"query_length":16,"intent":"hotel_search","cities_count":1}
[2025-09-23 08:37:05] [INFO] Embedding generated successfully {"duration_ms":941.12}
[2025-09-23 08:37:05] [WARNING] No vectors found in database 
[2025-09-23 08:37:05] [INFO] No similar items found via semantic search 
[2025-09-23 08:37:05] [INFO] BM25 search completed {"results_count":10,"max_score":2.1814822939794403}
[2025-09-23 08:37:05] [INFO] SQL search completed {"searched_tours":false,"searched_hotels":true,"total_results":10,"final_results":10}
[2025-09-23 08:37:05] [INFO] Parallel retrieval completed {"semantic_count":0,"bm25_count":10,"sql_count":10,"retrieval_time_ms":957.02}
[2025-09-23 08:37:05] [INFO] Result merging completed {"unified_count":10,"final_count":3}
[2025-09-23 08:37:05] [INFO] Hybrid search completed {"final_results_count":3,"confidence_score":0.53}
[2025-09-23 08:37:07] [INFO] Vietnamese response generated {"match_level":"hybrid_match","duration_ms":1826.97}
[2025-09-23 08:37:08] [INFO] Hybrid response generated successfully {"response_type":"hotel_search","layout_type":"single_hotels","confidence":0.53,"display_items":3}
[2025-09-23 08:37:08] [INFO] Message processed successfully {"processingTime":"4054.87ms","confidence":0.53}
[2025-09-23 08:37:24] [INFO] RAG Chatbot initialized successfully {"userId":1}
[2025-09-23 08:37:24] [INFO] Starting parallel hybrid retrieval {"query_length":37,"intent":"mixed_search","cities_count":2}
[2025-09-23 08:37:25] [INFO] Embedding generated successfully {"duration_ms":860.95}
[2025-09-23 08:37:25] [WARNING] No vectors found in database 
[2025-09-23 08:37:25] [INFO] No similar items found via semantic search 
[2025-09-23 08:37:25] [INFO] BM25 search completed {"results_count":15,"max_score":5.246480155924187}
[2025-09-23 08:37:25] [INFO] SQL search completed {"searched_tours":true,"searched_hotels":true,"total_results":30,"final_results":15}
[2025-09-23 08:37:25] [INFO] Parallel retrieval completed {"semantic_count":0,"bm25_count":15,"sql_count":15,"retrieval_time_ms":888.45}
[2025-09-23 08:37:25] [INFO] Result merging completed {"unified_count":19,"final_count":6}
[2025-09-23 08:37:25] [INFO] Hybrid search completed {"final_results_count":6,"confidence_score":0.66}
[2025-09-23 08:37:27] [INFO] Vietnamese response generated {"match_level":"hybrid_match","duration_ms":2326.28}
[2025-09-23 08:37:28] [INFO] Hybrid response generated successfully {"response_type":"tour_search","layout_type":"multi_city_tours","confidence":0.66,"display_items":5}
[2025-09-23 08:37:28] [INFO] Message processed successfully {"processingTime":"4391.9ms","confidence":0.66}
[2025-09-23 08:41:12] [INFO] RAG Chatbot initialized successfully {"userId":1}
[2025-09-23 08:41:12] [INFO] Starting parallel hybrid retrieval {"query_length":58,"intent":"tour_search","cities_count":2}
[2025-09-23 08:41:13] [INFO] Embedding generated successfully {"duration_ms":985.35}
[2025-09-23 08:41:13] [WARNING] No vectors found in database 
[2025-09-23 08:41:13] [INFO] No similar items found via semantic search 
[2025-09-23 08:41:13] [WARNING] No documents found for BM25 search {"filters":{"cityIds":[15,13],"budget":5000000,"price_condition":"under","duration":4,"item_focus":"tour"}}
[2025-09-23 08:41:13] [INFO] SQL search completed {"searched_tours":true,"searched_hotels":false,"total_results":0,"final_results":0}
[2025-09-23 08:41:13] [INFO] Parallel retrieval completed {"semantic_count":0,"bm25_count":0,"sql_count":0,"retrieval_time_ms":1005.99}
[2025-09-23 08:41:13] [INFO] Result merging completed {"unified_count":0,"final_count":0}
[2025-09-23 08:41:13] [INFO] Hybrid search completed {"final_results_count":0,"confidence_score":0.1}
[2025-09-23 08:41:13] [INFO] Message processed successfully {"processingTime":"1013.71ms","confidence":0.1}
[2025-09-23 08:50:29] [INFO] RAG Chatbot initialized successfully {"userId":1}
[2025-09-23 08:50:29] [INFO] Starting parallel hybrid retrieval {"query_length":21,"intent":"tour_search","cities_count":1}
[2025-09-23 08:50:30] [INFO] Embedding generated successfully {"duration_ms":1440.64}
[2025-09-23 08:50:30] [WARNING] No vectors found in database 
[2025-09-23 08:50:30] [INFO] No similar items found via semantic search 
[2025-09-23 08:50:30] [INFO] BM25 search completed {"results_count":2,"max_score":1.7318893664259518}
[2025-09-23 08:50:30] [INFO] SQL search completed {"searched_tours":true,"searched_hotels":false,"total_results":2,"final_results":2}
[2025-09-23 08:50:30] [INFO] Parallel retrieval completed {"semantic_count":0,"bm25_count":2,"sql_count":2,"retrieval_time_ms":1458.86}
[2025-09-23 08:50:30] [INFO] Result merging completed {"unified_count":2,"final_count":2}
[2025-09-23 08:50:30] [INFO] Hybrid search completed {"final_results_count":2,"confidence_score":0.41}
[2025-09-23 08:50:33] [INFO] Vietnamese response generated {"match_level":"hybrid_match","duration_ms":2481.6}
[2025-09-23 08:50:35] [INFO] Hybrid response generated successfully {"response_type":"tour_search","layout_type":"single_tours","confidence":0.41,"display_items":2}
[2025-09-23 08:50:35] [INFO] Message processed successfully {"processingTime":"6046.48ms","confidence":0.41}
[2025-09-23 08:50:44] [INFO] RAG Chatbot initialized successfully {"userId":1}
[2025-09-23 08:50:44] [INFO] Starting parallel hybrid retrieval {"query_length":18,"intent":"tour_search","cities_count":1}
[2025-09-23 08:50:46] [INFO] Embedding generated successfully {"duration_ms":1322.65}
[2025-09-23 08:50:46] [WARNING] No vectors found in database 
[2025-09-23 08:50:46] [INFO] No similar items found via semantic search 
[2025-09-23 08:50:46] [INFO] BM25 search completed {"results_count":1,"max_score":1.9709269945247603}
[2025-09-23 08:50:46] [INFO] SQL search completed {"searched_tours":true,"searched_hotels":false,"total_results":1,"final_results":1}
[2025-09-23 08:50:46] [INFO] Parallel retrieval completed {"semantic_count":0,"bm25_count":1,"sql_count":1,"retrieval_time_ms":1341.92}
[2025-09-23 08:50:46] [INFO] Result merging completed {"unified_count":1,"final_count":1}
[2025-09-23 08:50:46] [INFO] Hybrid search completed {"final_results_count":1,"confidence_score":0.42}
[2025-09-23 08:50:48] [INFO] Vietnamese response generated {"match_level":"hybrid_match","duration_ms":1858.68}
[2025-09-23 08:50:50] [INFO] Hybrid response generated successfully {"response_type":"tour_search","layout_type":"single_tours","confidence":0.42,"display_items":1}
[2025-09-23 08:50:50] [INFO] Message processed successfully {"processingTime":"5774.4ms","confidence":0.42}
[2025-09-23 12:45:38] [INFO] RAG Chatbot initialized successfully {"userId":1}
[2025-09-23 12:45:50] [INFO] RAG Chatbot initialized successfully {"userId":1}
[2025-09-23 12:45:50] [INFO] Starting parallel hybrid retrieval {"query_length":42,"intent":"mixed_search","cities_count":2}
[2025-09-23 12:45:51] [INFO] Embedding generated successfully {"duration_ms":844.24}
[2025-09-23 12:45:51] [WARNING] No vectors found in database 
[2025-09-23 12:45:51] [INFO] No similar items found via semantic search 
[2025-09-23 12:45:51] [INFO] BM25 search completed {"results_count":15,"max_score":5.246480155924187}
[2025-09-23 12:45:51] [INFO] SQL search completed {"searched_tours":true,"searched_hotels":true,"total_results":30,"final_results":15}
[2025-09-23 12:45:51] [INFO] Parallel retrieval completed {"semantic_count":0,"bm25_count":15,"sql_count":15,"retrieval_time_ms":921.83}
[2025-09-23 12:45:51] [INFO] Result merging completed {"unified_count":19,"final_count":6}
[2025-09-23 12:45:51] [INFO] Hybrid search completed {"final_results_count":6,"confidence_score":0.66}
[2025-09-23 12:45:53] [INFO] Vietnamese response generated {"match_level":"hybrid_match","duration_ms":1926.81}
[2025-09-23 12:45:54] [INFO] Hybrid response generated successfully {"response_type":"tour_search","layout_type":"multi_city_tours","confidence":0.66,"display_items":5}
[2025-09-23 12:45:54] [INFO] Message processed successfully {"processingTime":"3972.8ms","confidence":0.66}
[2025-09-23 12:50:19] [INFO] RAG Chatbot initialized successfully {"userId":1}
[2025-09-23 12:50:19] [INFO] Starting parallel hybrid retrieval {"query_length":15,"intent":"tour_search","cities_count":1}
[2025-09-23 12:50:19] [INFO] Embedding generated successfully {"duration_ms":813.44}
[2025-09-23 12:50:19] [WARNING] No vectors found in database 
[2025-09-23 12:50:19] [INFO] No similar items found via semantic search 
[2025-09-23 12:50:19] [INFO] BM25 search completed {"results_count":8,"max_score":2.1818528139177324}
[2025-09-23 12:50:19] [INFO] SQL search completed {"searched_tours":true,"searched_hotels":false,"total_results":8,"final_results":8}
[2025-09-23 12:50:19] [INFO] Parallel retrieval completed {"semantic_count":0,"bm25_count":8,"sql_count":8,"retrieval_time_ms":825.38}
[2025-09-23 12:50:19] [INFO] Result merging completed {"unified_count":8,"final_count":3}
[2025-09-23 12:50:19] [INFO] Hybrid search completed {"final_results_count":3,"confidence_score":0.52}
[2025-09-23 12:50:21] [INFO] Vietnamese response generated {"match_level":"hybrid_match","duration_ms":1597.9}
[2025-09-23 12:50:22] [INFO] Hybrid response generated successfully {"response_type":"tour_search","layout_type":"single_tours","confidence":0.52,"display_items":3}
[2025-09-23 12:50:22] [INFO] Message processed successfully {"processingTime":"3690.03ms","confidence":0.52}
[2025-09-23 12:50:45] [INFO] RAG Chatbot initialized successfully {"userId":1}
[2025-09-23 12:50:45] [INFO] Starting parallel hybrid retrieval {"query_length":12,"intent":"tour_search","cities_count":1}
[2025-09-23 12:50:46] [INFO] Embedding generated successfully {"duration_ms":665.09}
[2025-09-23 12:50:46] [WARNING] No vectors found in database 
[2025-09-23 12:50:46] [INFO] No similar items found via semantic search 
[2025-09-23 12:50:46] [INFO] BM25 search completed {"results_count":8,"max_score":2.258233548241196}
[2025-09-23 12:50:46] [INFO] SQL search completed {"searched_tours":true,"searched_hotels":false,"total_results":8,"final_results":8}
[2025-09-23 12:50:46] [INFO] Parallel retrieval completed {"semantic_count":0,"bm25_count":8,"sql_count":8,"retrieval_time_ms":673.19}
[2025-09-23 12:50:46] [INFO] Result merging completed {"unified_count":8,"final_count":3}
[2025-09-23 12:50:46] [INFO] Hybrid search completed {"final_results_count":3,"confidence_score":0.58}
[2025-09-23 12:50:48] [INFO] Vietnamese response generated {"match_level":"hybrid_match","duration_ms":1815.03}
[2025-09-23 12:50:49] [INFO] Hybrid response generated successfully {"response_type":"tour_search","layout_type":"single_tours","confidence":0.58,"display_items":3}
[2025-09-23 12:50:49] [INFO] Message processed successfully {"processingTime":"3688.93ms","confidence":0.58}
[2025-09-23 12:51:07] [INFO] RAG Chatbot initialized successfully {"userId":1}
[2025-09-23 12:51:07] [INFO] Starting parallel hybrid retrieval {"query_length":17,"intent":"hotel_search","cities_count":0}
[2025-09-23 12:51:08] [INFO] Embedding generated successfully {"duration_ms":694.78}
[2025-09-23 12:51:08] [WARNING] No vectors found in database 
[2025-09-23 12:51:08] [INFO] No similar items found via semantic search 
[2025-09-23 12:51:08] [INFO] BM25 search completed {"results_count":10,"max_score":1.0686056743092438}
[2025-09-23 12:51:08] [INFO] SQL search completed {"searched_tours":false,"searched_hotels":true,"total_results":15,"final_results":15}
[2025-09-23 12:51:08] [INFO] Parallel retrieval completed {"semantic_count":0,"bm25_count":10,"sql_count":15,"retrieval_time_ms":702.28}
[2025-09-23 12:51:08] [INFO] Result merging completed {"unified_count":15,"final_count":6}
[2025-09-23 12:51:08] [INFO] Hybrid search completed {"final_results_count":6,"confidence_score":0.37}
[2025-09-23 12:51:09] [INFO] Vietnamese response generated {"match_level":"hybrid_match","duration_ms":1233.42}
[2025-09-23 12:51:10] [INFO] Hybrid response generated successfully {"response_type":"hotel_search","layout_type":"single_hotels","confidence":0.37,"display_items":6}
[2025-09-23 12:51:10] [INFO] Message processed successfully {"processingTime":"3168.6ms","confidence":0.37}
[2025-09-23 12:51:26] [INFO] RAG Chatbot initialized successfully {"userId":1}
[2025-09-23 12:51:26] [INFO] Starting parallel hybrid retrieval {"query_length":17,"intent":"hotel_search","cities_count":1}
[2025-09-23 12:51:26] [INFO] Embedding generated successfully {"duration_ms":733.56}
[2025-09-23 12:51:26] [WARNING] No vectors found in database 
[2025-09-23 12:51:26] [INFO] No similar items found via semantic search 
[2025-09-23 12:51:26] [INFO] BM25 search completed {"results_count":10,"max_score":2.1719295332476287}
[2025-09-23 12:51:26] [INFO] SQL search completed {"searched_tours":false,"searched_hotels":true,"total_results":10,"final_results":10}
[2025-09-23 12:51:26] [INFO] Parallel retrieval completed {"semantic_count":0,"bm25_count":10,"sql_count":10,"retrieval_time_ms":740.98}
[2025-09-23 12:51:26] [INFO] Result merging completed {"unified_count":10,"final_count":3}
[2025-09-23 12:51:26] [INFO] Hybrid search completed {"final_results_count":3,"confidence_score":0.52}
[2025-09-23 12:51:28] [INFO] Vietnamese response generated {"match_level":"hybrid_match","duration_ms":1772.29}
[2025-09-23 12:51:29] [INFO] Hybrid response generated successfully {"response_type":"hotel_search","layout_type":"single_hotels","confidence":0.52,"display_items":3}
[2025-09-23 12:51:29] [INFO] Message processed successfully {"processingTime":"3569.46ms","confidence":0.52}
[2025-09-23 13:11:52] [INFO] RAG Chatbot initialized successfully {"userId":1}
[2025-09-23 13:12:04] [INFO] RAG Chatbot initialized successfully {"userId":1}
[2025-09-23 13:12:04] [INFO] Starting parallel hybrid retrieval {"query_length":37,"intent":"tour_search","cities_count":2}
[2025-09-23 13:12:05] [INFO] Embedding generated successfully {"duration_ms":762.39}
[2025-09-23 13:12:05] [WARNING] No vectors found in database 
[2025-09-23 13:12:05] [INFO] No similar items found via semantic search 
[2025-09-23 13:12:05] [INFO] BM25 search completed {"results_count":10,"max_score":4.663293641431896}
[2025-09-23 13:12:05] [INFO] SQL search completed {"searched_tours":true,"searched_hotels":false,"total_results":15,"final_results":15}
[2025-09-23 13:12:05] [INFO] Parallel retrieval completed {"semantic_count":0,"bm25_count":10,"sql_count":15,"retrieval_time_ms":794.61}
[2025-09-23 13:12:05] [INFO] Result merging completed {"unified_count":15,"final_count":6}
[2025-09-23 13:12:05] [INFO] Hybrid search completed {"final_results_count":6,"confidence_score":0.64}
[2025-09-23 13:12:09] [INFO] Vietnamese response generated {"match_level":"hybrid_match","duration_ms":3448.52}
[2025-09-23 13:12:10] [INFO] Hybrid response generated successfully {"response_type":"tour_search","layout_type":"single_tours","confidence":0.64,"display_items":6}
[2025-09-23 13:12:10] [INFO] Message processed successfully {"processingTime":"5382.57ms","confidence":0.64}
[2025-09-23 13:12:41] [INFO] RAG Chatbot initialized successfully {"userId":1}
[2025-09-23 13:12:49] [INFO] RAG Chatbot initialized successfully {"userId":1}
[2025-09-23 13:12:49] [INFO] Starting parallel hybrid retrieval {"query_length":20,"intent":"tour_search","cities_count":1}
[2025-09-23 13:12:50] [INFO] Embedding generated successfully {"duration_ms":730.43}
[2025-09-23 13:12:50] [WARNING] No vectors found in database 
[2025-09-23 13:12:50] [INFO] No similar items found via semantic search 
[2025-09-23 13:12:50] [INFO] BM25 search completed {"results_count":8,"max_score":2.263711939130273}
[2025-09-23 13:12:50] [INFO] SQL search completed {"searched_tours":true,"searched_hotels":false,"total_results":8,"final_results":8}
[2025-09-23 13:12:50] [INFO] Parallel retrieval completed {"semantic_count":0,"bm25_count":8,"sql_count":8,"retrieval_time_ms":738.78}
[2025-09-23 13:12:50] [INFO] Result merging completed {"unified_count":8,"final_count":3}
[2025-09-23 13:12:50] [INFO] Hybrid search completed {"final_results_count":3,"confidence_score":0.51}
[2025-09-23 13:12:52] [INFO] Vietnamese response generated {"match_level":"hybrid_match","duration_ms":1923.56}
[2025-09-23 13:12:53] [INFO] Hybrid response generated successfully {"response_type":"tour_search","layout_type":"single_tours","confidence":0.51,"display_items":3}
[2025-09-23 13:12:53] [INFO] Message processed successfully {"processingTime":"3901.07ms","confidence":0.51}
[2025-09-23 13:13:49] [INFO] RAG Chatbot initialized successfully {"userId":1}
[2025-09-23 13:13:49] [INFO] RAG Chatbot initialized successfully {"userId":1}
[2025-09-23 13:13:52] [INFO] RAG Chatbot initialized successfully {"userId":1}
[2025-09-23 13:14:01] [INFO] RAG Chatbot initialized successfully {"userId":1}
[2025-09-23 13:14:01] [INFO] Starting parallel hybrid retrieval {"query_length":21,"intent":"tour_search","cities_count":1}
[2025-09-23 13:14:01] [INFO] Embedding generated successfully {"duration_ms":643.62}
[2025-09-23 13:14:01] [WARNING] No vectors found in database 
[2025-09-23 13:14:01] [INFO] No similar items found via semantic search 
[2025-09-23 13:14:01] [INFO] BM25 search completed {"results_count":8,"max_score":3.811518202555442}
[2025-09-23 13:14:01] [INFO] SQL search completed {"searched_tours":true,"searched_hotels":false,"total_results":8,"final_results":8}
[2025-09-23 13:14:01] [INFO] Parallel retrieval completed {"semantic_count":0,"bm25_count":8,"sql_count":8,"retrieval_time_ms":653.51}
[2025-09-23 13:14:01] [INFO] Result merging completed {"unified_count":8,"final_count":3}
[2025-09-23 13:14:01] [INFO] Hybrid search completed {"final_results_count":3,"confidence_score":0.65}
[2025-09-23 13:14:03] [INFO] Vietnamese response generated {"match_level":"hybrid_match","duration_ms":2059.41}
[2025-09-23 13:14:05] [INFO] Hybrid response generated successfully {"response_type":"tour_search","layout_type":"single_tours","confidence":0.65,"display_items":3}
[2025-09-23 13:14:05] [INFO] Message processed successfully {"processingTime":"3935.32ms","confidence":0.65}
[2025-09-23 13:27:30] [INFO] RAG Chatbot initialized successfully {"userId":1}
[2025-09-23 13:27:30] [INFO] Starting parallel hybrid retrieval {"query_length":29,"intent":"hotel_search","cities_count":2}
[2025-09-23 13:27:31] [INFO] Embedding generated successfully {"duration_ms":662.38}
[2025-09-23 13:27:31] [WARNING] No vectors found in database 
[2025-09-23 13:27:31] [INFO] No similar items found via semantic search 
[2025-09-23 13:27:31] [INFO] BM25 search completed {"results_count":10,"max_score":3.195123205765794}
[2025-09-23 13:27:31] [INFO] SQL search completed {"searched_tours":false,"searched_hotels":true,"total_results":15,"final_results":15}
[2025-09-23 13:27:31] [INFO] Parallel retrieval completed {"semantic_count":0,"bm25_count":10,"sql_count":15,"retrieval_time_ms":673.37}
[2025-09-23 13:27:31] [INFO] Result merging completed {"unified_count":15,"final_count":6}
[2025-09-23 13:27:31] [INFO] Hybrid search completed {"final_results_count":6,"confidence_score":0.54}
[2025-09-23 13:27:34] [INFO] Vietnamese response generated {"match_level":"hybrid_match","duration_ms":2701.35}
[2025-09-23 13:27:35] [INFO] Hybrid response generated successfully {"response_type":"hotel_search","layout_type":"multi_city_hotels","confidence":0.54,"display_items":6}
[2025-09-23 13:27:35] [INFO] Message processed successfully {"processingTime":"4518.4ms","confidence":0.54}
[2025-09-23 13:32:46] [INFO] RAG Chatbot initialized successfully {"userId":1}
[2025-09-23 13:32:46] [INFO] RAG Chatbot initialized successfully {"userId":1}
[2025-09-23 13:32:51] [INFO] RAG Chatbot initialized successfully {"userId":1}
[2025-09-23 13:32:51] [INFO] Starting parallel hybrid retrieval {"query_length":15,"intent":"tour_search","cities_count":1}
[2025-09-23 13:32:51] [INFO] Embedding generated successfully {"duration_ms":780.31}
[2025-09-23 13:32:51] [WARNING] No vectors found in database 
[2025-09-23 13:32:51] [INFO] No similar items found via semantic search 
[2025-09-23 13:32:51] [INFO] BM25 search completed {"results_count":8,"max_score":2.263711939130273}
[2025-09-23 13:32:51] [INFO] SQL search completed {"searched_tours":true,"searched_hotels":false,"total_results":8,"final_results":8}
[2025-09-23 13:32:51] [INFO] Parallel retrieval completed {"semantic_count":0,"bm25_count":8,"sql_count":8,"retrieval_time_ms":794.7}
[2025-09-23 13:32:51] [INFO] Result merging completed {"unified_count":8,"final_count":3}
[2025-09-23 13:32:51] [INFO] Hybrid search completed {"final_results_count":3,"confidence_score":0.51}
[2025-09-23 13:32:53] [INFO] Vietnamese response generated {"match_level":"hybrid_match","duration_ms":1577.32}
[2025-09-23 13:32:54] [INFO] Hybrid response generated successfully {"response_type":"tour_search","layout_type":"single_tours","confidence":0.51,"display_items":3}
[2025-09-23 13:32:54] [INFO] Message processed successfully {"processingTime":"3625.25ms","confidence":0.51}
[2025-09-23 13:36:36] [INFO] RAG Chatbot initialized successfully {"userId":1}
[2025-09-23 13:36:36] [INFO] RAG Chatbot initialized successfully {"userId":1}
[2025-09-23 13:36:40] [INFO] RAG Chatbot initialized successfully {"userId":1}
[2025-09-23 13:36:40] [INFO] Starting parallel hybrid retrieval {"query_length":15,"intent":"tour_search","cities_count":1}
[2025-09-23 13:36:41] [INFO] Embedding generated successfully {"duration_ms":691.5}
[2025-09-23 13:36:41] [WARNING] No vectors found in database 
[2025-09-23 13:36:41] [INFO] No similar items found via semantic search 
[2025-09-23 13:36:41] [INFO] BM25 search completed {"results_count":8,"max_score":2.258233548241196}
[2025-09-23 13:36:41] [INFO] SQL search completed {"searched_tours":true,"searched_hotels":false,"total_results":8,"final_results":8}
[2025-09-23 13:36:41] [INFO] Parallel retrieval completed {"semantic_count":0,"bm25_count":8,"sql_count":8,"retrieval_time_ms":700.98}
[2025-09-23 13:36:41] [INFO] Result merging completed {"unified_count":8,"final_count":6}
[2025-09-23 13:36:41] [INFO] Hybrid search completed {"final_results_count":6,"confidence_score":0.58}
[2025-09-23 13:36:43] [INFO] Vietnamese response generated {"match_level":"hybrid_match","duration_ms":2612.48}
[2025-09-23 13:36:45] [INFO] Hybrid response generated successfully {"response_type":"tour_search","layout_type":"single_tours","confidence":0.58,"display_items":6}
[2025-09-23 13:36:45] [INFO] Message processed successfully {"processingTime":"4615.7ms","confidence":0.58}
[2025-09-23 13:37:32] [INFO] RAG Chatbot initialized successfully {"userId":1}
[2025-09-23 13:37:32] [INFO] Starting parallel hybrid retrieval {"query_length":25,"intent":"tour_search","cities_count":1}
[2025-09-23 13:37:33] [INFO] Embedding generated successfully {"duration_ms":642.07}
[2025-09-23 13:37:33] [WARNING] No vectors found in database 
[2025-09-23 13:37:33] [INFO] No similar items found via semantic search 
[2025-09-23 13:37:33] [INFO] BM25 search completed {"results_count":5,"max_score":1.3518763662377367}
[2025-09-23 13:37:33] [INFO] SQL search completed {"searched_tours":true,"searched_hotels":false,"total_results":5,"final_results":5}
[2025-09-23 13:37:33] [INFO] Parallel retrieval completed {"semantic_count":0,"bm25_count":5,"sql_count":5,"retrieval_time_ms":649.94}
[2025-09-23 13:37:33] [INFO] Result merging completed {"unified_count":5,"final_count":5}
[2025-09-23 13:37:33] [INFO] Hybrid search completed {"final_results_count":5,"confidence_score":0.53}
[2025-09-23 13:37:35] [INFO] Vietnamese response generated {"match_level":"hybrid_match","duration_ms":2340.82}
[2025-09-23 13:37:36] [INFO] Hybrid response generated successfully {"response_type":"tour_search","layout_type":"single_tours","confidence":0.53,"display_items":5}
[2025-09-23 13:37:36] [INFO] Message processed successfully {"processingTime":"4053.87ms","confidence":0.53}
[2025-09-23 13:45:35] [INFO] RAG Chatbot initialized successfully {"userId":1}
[2025-09-23 13:45:35] [INFO] RAG Chatbot initialized successfully {"userId":1}
[2025-09-23 13:45:40] [INFO] RAG Chatbot initialized successfully {"userId":1}
[2025-09-23 13:45:40] [INFO] Starting parallel hybrid retrieval {"query_length":16,"intent":"tour_search","cities_count":1}
[2025-09-23 13:45:41] [INFO] Embedding generated successfully {"duration_ms":723.31}
[2025-09-23 13:45:41] [WARNING] No vectors found in database 
[2025-09-23 13:45:41] [INFO] No similar items found via semantic search 
[2025-09-23 13:45:41] [INFO] BM25 search completed {"results_count":8,"max_score":1.1781046650939158}
[2025-09-23 13:45:41] [INFO] SQL search completed {"searched_tours":true,"searched_hotels":false,"total_results":8,"final_results":8}
[2025-09-23 13:45:41] [INFO] Parallel retrieval completed {"semantic_count":0,"bm25_count":8,"sql_count":8,"retrieval_time_ms":731.41}
[2025-09-23 13:45:41] [INFO] Result merging completed {"unified_count":8,"final_count":6}
[2025-09-23 13:45:41] [INFO] Hybrid search completed {"final_results_count":6,"confidence_score":0.48}
[2025-09-23 13:45:43] [INFO] Vietnamese response generated {"match_level":"hybrid_match","duration_ms":2681.7}
[2025-09-23 13:45:45] [INFO] Hybrid response generated successfully {"response_type":"tour_search","layout_type":"single_tours","confidence":0.48,"display_items":6}
[2025-09-23 13:45:45] [INFO] Message processed successfully {"processingTime":"4478.02ms","confidence":0.48}
[2025-09-23 13:46:12] [INFO] RAG Chatbot initialized successfully {"userId":1}
[2025-09-23 13:46:12] [INFO] Starting parallel hybrid retrieval {"query_length":15,"intent":"hotel_search","cities_count":1}
[2025-09-23 13:46:13] [INFO] Embedding generated successfully {"duration_ms":747.8}
[2025-09-23 13:46:13] [WARNING] No vectors found in database 
[2025-09-23 13:46:13] [INFO] No similar items found via semantic search 
[2025-09-23 13:46:13] [INFO] BM25 search completed {"results_count":10,"max_score":1.1113956990656915}
[2025-09-23 13:46:13] [INFO] SQL search completed {"searched_tours":false,"searched_hotels":true,"total_results":10,"final_results":10}
[2025-09-23 13:46:13] [INFO] Parallel retrieval completed {"semantic_count":0,"bm25_count":10,"sql_count":10,"retrieval_time_ms":758.3}
[2025-09-23 13:46:13] [INFO] Result merging completed {"unified_count":10,"final_count":6}
[2025-09-23 13:46:13] [INFO] Hybrid search completed {"final_results_count":6,"confidence_score":0.45}
[2025-09-23 13:46:16] [INFO] Vietnamese response generated {"match_level":"hybrid_match","duration_ms":2653.21}
[2025-09-23 13:46:17] [INFO] Hybrid response generated successfully {"response_type":"hotel_search","layout_type":"single_hotels","confidence":0.45,"display_items":6}
[2025-09-23 13:46:17] [INFO] Message processed successfully {"processingTime":"4706.85ms","confidence":0.45}
[2025-09-23 13:46:35] [INFO] RAG Chatbot initialized successfully {"userId":1}
[2025-09-23 13:46:35] [INFO] Starting parallel hybrid retrieval {"query_length":37,"intent":"mixed_search","cities_count":2}
[2025-09-23 13:46:35] [INFO] Embedding generated successfully {"duration_ms":674.51}
[2025-09-23 13:46:35] [WARNING] No vectors found in database 
[2025-09-23 13:46:35] [INFO] No similar items found via semantic search 
[2025-09-23 13:46:35] [INFO] BM25 search completed {"results_count":15,"max_score":5.246480155924187}
[2025-09-23 13:46:35] [INFO] SQL search completed {"searched_tours":true,"searched_hotels":true,"total_results":30,"final_results":15}
[2025-09-23 13:46:35] [INFO] Parallel retrieval completed {"semantic_count":0,"bm25_count":15,"sql_count":15,"retrieval_time_ms":686.26}
[2025-09-23 13:46:35] [INFO] Result merging completed {"unified_count":19,"final_count":9}
[2025-09-23 13:46:35] [INFO] Hybrid search completed {"final_results_count":9,"confidence_score":0.66}
[2025-09-23 13:46:38] [INFO] Vietnamese response generated {"match_level":"hybrid_match","duration_ms":2350.12}
[2025-09-23 13:46:39] [INFO] Hybrid response generated successfully {"response_type":"tour_search","layout_type":"multi_city_tours","confidence":0.66,"display_items":6}
[2025-09-23 13:46:39] [INFO] Message processed successfully {"processingTime":"4374.46ms","confidence":0.66}
[2025-09-23 13:55:07] [INFO] RAG Chatbot initialized successfully {"userId":1}
[2025-09-23 13:55:07] [INFO] RAG Chatbot initialized successfully {"userId":1}
[2025-09-23 13:55:18] [INFO] RAG Chatbot initialized successfully {"userId":1}
[2025-09-23 13:55:18] [INFO] Starting parallel hybrid retrieval {"query_length":37,"intent":"mixed_search","cities_count":2}
[2025-09-23 13:55:19] [INFO] Embedding generated successfully {"duration_ms":698.43}
[2025-09-23 13:55:19] [WARNING] No vectors found in database 
[2025-09-23 13:55:19] [INFO] No similar items found via semantic search 
[2025-09-23 13:55:19] [INFO] BM25 search completed {"results_count":15,"max_score":5.377821109008489}
[2025-09-23 13:55:19] [INFO] SQL search completed {"searched_tours":true,"searched_hotels":true,"total_results":30,"final_results":15}
[2025-09-23 13:55:19] [INFO] Parallel retrieval completed {"semantic_count":0,"bm25_count":15,"sql_count":15,"retrieval_time_ms":724.86}
[2025-09-23 13:55:19] [INFO] Result merging completed {"unified_count":19,"final_count":10}
[2025-09-23 13:55:19] [INFO] Hybrid search completed {"final_results_count":10,"confidence_score":0.69}
[2025-09-23 13:55:23] [INFO] Vietnamese response generated {"match_level":"hybrid_match","duration_ms":4013.39}
[2025-09-23 13:55:24] [INFO] Hybrid response generated successfully {"response_type":"mixed_content","layout_type":"mixed_content","confidence":0.69,"display_items":10}
[2025-09-23 13:55:24] [INFO] Message processed successfully {"processingTime":"5986.83ms","confidence":0.69}
[2025-09-23 13:55:51] [INFO] RAG Chatbot initialized successfully {"userId":1}
[2025-09-23 13:55:51] [INFO] RAG Chatbot initialized successfully {"userId":1}
[2025-09-23 13:55:55] [INFO] RAG Chatbot initialized successfully {"userId":1}
[2025-09-23 13:56:01] [INFO] RAG Chatbot initialized successfully {"userId":1}
[2025-09-23 13:56:01] [INFO] Starting parallel hybrid retrieval {"query_length":19,"intent":"tour_search","cities_count":1}
[2025-09-23 13:56:01] [INFO] Embedding generated successfully {"duration_ms":723.05}
[2025-09-23 13:56:01] [WARNING] No vectors found in database 
[2025-09-23 13:56:01] [INFO] No similar items found via semantic search 
[2025-09-23 13:56:01] [INFO] BM25 search completed {"results_count":8,"max_score":1.1702163334998843}
[2025-09-23 13:56:01] [INFO] SQL search completed {"searched_tours":true,"searched_hotels":false,"total_results":8,"final_results":8}
[2025-09-23 13:56:01] [INFO] Parallel retrieval completed {"semantic_count":0,"bm25_count":8,"sql_count":8,"retrieval_time_ms":730.59}
[2025-09-23 13:56:01] [INFO] Result merging completed {"unified_count":8,"final_count":6}
[2025-09-23 13:56:01] [INFO] Hybrid search completed {"final_results_count":6,"confidence_score":0.46}
[2025-09-23 13:56:04] [INFO] Vietnamese response generated {"match_level":"hybrid_match","duration_ms":2496.01}
[2025-09-23 13:56:05] [INFO] Hybrid response generated successfully {"response_type":"tour_search","layout_type":"single_tours","confidence":0.46,"display_items":6}
[2025-09-23 13:56:05] [INFO] Message processed successfully {"processingTime":"4575.58ms","confidence":0.46}
[2025-09-23 14:13:08] [INFO] RAG Chatbot initialized successfully {"userId":1}
[2025-09-23 14:13:09] [INFO] RAG Chatbot initialized successfully {"userId":1}
[2025-09-23 14:13:11] [INFO] RAG Chatbot initialized successfully {"userId":1}
[2025-09-23 14:13:15] [INFO] RAG Chatbot initialized successfully {"userId":1}
[2025-09-23 14:13:15] [INFO] Starting parallel hybrid retrieval {"query_length":19,"intent":"tour_search","cities_count":1}
[2025-09-23 14:13:16] [INFO] Embedding generated successfully {"duration_ms":727.49}
[2025-09-23 14:13:16] [WARNING] No vectors found in database 
[2025-09-23 14:13:16] [INFO] No similar items found via semantic search 
[2025-09-23 14:13:16] [INFO] BM25 search completed {"results_count":8,"max_score":1.1702163334998843}
[2025-09-23 14:13:16] [INFO] SQL search completed {"searched_tours":true,"searched_hotels":false,"total_results":8,"final_results":8}
[2025-09-23 14:13:16] [INFO] Parallel retrieval completed {"semantic_count":0,"bm25_count":8,"sql_count":8,"retrieval_time_ms":740.26}
[2025-09-23 14:13:16] [INFO] Result merging completed {"unified_count":8,"final_count":6}
[2025-09-23 14:13:16] [INFO] Hybrid search completed {"final_results_count":6,"confidence_score":0.46}
[2025-09-23 14:13:19] [INFO] Vietnamese response generated {"match_level":"hybrid_match","duration_ms":2564}
[2025-09-23 14:13:21] [INFO] Hybrid response generated successfully {"response_type":"tour_search","layout_type":"single_tours","confidence":0.46,"display_items":6}
[2025-09-23 14:13:21] [INFO] Message processed successfully {"processingTime":"5104.96ms","confidence":0.46}
[2025-09-23 14:17:31] [INFO] RAG Chatbot initialized successfully {"userId":1}
[2025-09-23 14:17:31] [INFO] RAG Chatbot initialized successfully {"userId":1}
[2025-09-23 14:17:33] [INFO] RAG Chatbot initialized successfully {"userId":1}
[2025-09-23 14:17:33] [INFO] Starting parallel hybrid retrieval {"query_length":3,"intent":"general","cities_count":0}
[2025-09-23 14:17:33] [INFO] Embedding generated successfully {"duration_ms":654.89}
[2025-09-23 14:17:33] [WARNING] No vectors found in database 
[2025-09-23 14:17:33] [INFO] No similar items found via semantic search 
[2025-09-23 14:17:33] [INFO] BM25 search completed {"results_count":0,"max_score":0}
[2025-09-23 14:17:33] [INFO] SQL search completed {"searched_tours":true,"searched_hotels":false,"total_results":15,"final_results":15}
[2025-09-23 14:17:33] [INFO] Parallel retrieval completed {"semantic_count":0,"bm25_count":0,"sql_count":15,"retrieval_time_ms":674.73}
[2025-09-23 14:17:33] [INFO] Result merging completed {"unified_count":15,"final_count":7}
[2025-09-23 14:17:33] [INFO] Hybrid search completed {"final_results_count":7,"confidence_score":0.12}
[2025-09-23 14:17:36] [INFO] Vietnamese response generated {"match_level":"hybrid_match","duration_ms":2654.75}
[2025-09-23 14:17:37] [INFO] Hybrid response generated successfully {"response_type":"tour_search","layout_type":"single_tours","confidence":0.12,"display_items":6}
[2025-09-23 14:17:37] [INFO] Message processed successfully {"processingTime":"4706.49ms","confidence":0.12}
[2025-09-23 14:17:54] [INFO] RAG Chatbot initialized successfully {"userId":1}
[2025-09-23 14:17:54] [INFO] RAG Chatbot initialized successfully {"userId":1}
[2025-09-23 14:18:00] [INFO] RAG Chatbot initialized successfully {"userId":1}
[2025-09-23 14:18:00] [INFO] Starting parallel hybrid retrieval {"query_length":20,"intent":"tour_search","cities_count":1}
[2025-09-23 14:18:01] [INFO] Embedding generated successfully {"duration_ms":721.27}
[2025-09-23 14:18:01] [WARNING] No vectors found in database 
[2025-09-23 14:18:01] [INFO] No similar items found via semantic search 
[2025-09-23 14:18:01] [INFO] BM25 search completed {"results_count":8,"max_score":2.1818528139177324}
[2025-09-23 14:18:01] [INFO] SQL search completed {"searched_tours":true,"searched_hotels":false,"total_results":8,"final_results":8}
[2025-09-23 14:18:01] [INFO] Parallel retrieval completed {"semantic_count":0,"bm25_count":8,"sql_count":8,"retrieval_time_ms":732.38}
[2025-09-23 14:18:01] [INFO] Result merging completed {"unified_count":8,"final_count":6}
[2025-09-23 14:18:01] [INFO] Hybrid search completed {"final_results_count":6,"confidence_score":0.51}
[2025-09-23 14:18:05] [INFO] Vietnamese response generated {"match_level":"hybrid_match","duration_ms":3596.5}
[2025-09-23 14:18:06] [INFO] Hybrid response generated successfully {"response_type":"tour_search","layout_type":"single_tours","confidence":0.51,"display_items":6}
[2025-09-23 14:18:06] [INFO] Message processed successfully {"processingTime":"5443.75ms","confidence":0.51}
[2025-09-23 14:20:11] [INFO] RAG Chatbot initialized successfully {"userId":1}
[2025-09-23 14:20:11] [INFO] RAG Chatbot initialized successfully {"userId":1}
[2025-09-23 14:20:14] [INFO] RAG Chatbot initialized successfully {"userId":1}
[2025-09-23 14:25:15] [INFO] RAG Chatbot initialized successfully {"userId":1}
[2025-09-23 14:25:15] [INFO] RAG Chatbot initialized successfully {"userId":1}
[2025-09-23 14:25:17] [INFO] RAG Chatbot initialized successfully {"userId":1}
[2025-09-23 14:25:27] [INFO] RAG Chatbot initialized successfully {"userId":1}
[2025-09-23 14:25:27] [INFO] Starting parallel hybrid retrieval {"query_length":19,"intent":"tour_search","cities_count":1}
[2025-09-23 14:25:28] [INFO] Embedding generated successfully {"duration_ms":785.99}
[2025-09-23 14:25:28] [WARNING] No vectors found in database 
[2025-09-23 14:25:28] [INFO] No similar items found via semantic search 
[2025-09-23 14:25:28] [INFO] BM25 search completed {"results_count":8,"max_score":1.162913049972971}
[2025-09-23 14:25:28] [INFO] SQL search completed {"searched_tours":true,"searched_hotels":false,"total_results":8,"final_results":8}
[2025-09-23 14:25:28] [INFO] Parallel retrieval completed {"semantic_count":0,"bm25_count":8,"sql_count":8,"retrieval_time_ms":801.24}
[2025-09-23 14:25:28] [INFO] Result merging completed {"unified_count":8,"final_count":6}
[2025-09-23 14:25:28] [INFO] Hybrid search completed {"final_results_count":6,"confidence_score":0.47}
[2025-09-23 14:25:30] [INFO] Vietnamese response generated {"match_level":"hybrid_match","duration_ms":2593.56}
[2025-09-23 14:25:34] [INFO] Hybrid response generated successfully {"response_type":"tour_search","layout_type":"single_tours","confidence":0.47,"display_items":6}
[2025-09-23 14:25:34] [INFO] Message processed successfully {"processingTime":"6766.18ms","confidence":0.47}
[2025-09-23 14:50:11] [INFO] RAG Chatbot initialized successfully {"userId":1}
[2025-09-23 14:50:11] [INFO] RAG Chatbot initialized successfully {"userId":1}
[2025-09-23 14:50:12] [INFO] RAG Chatbot initialized successfully {"userId":1}
[2025-09-23 14:50:32] [INFO] RAG Chatbot initialized successfully {"userId":1}
[2025-09-23 14:50:32] [INFO] RAG Chatbot initialized successfully {"userId":1}
[2025-09-23 14:50:36] [INFO] RAG Chatbot initialized successfully {"userId":1}
[2025-09-23 14:50:41] [INFO] RAG Chatbot initialized successfully {"userId":1}
[2025-09-23 14:50:41] [INFO] Starting parallel hybrid retrieval {"query_length":15,"intent":"tour_search","cities_count":1}
[2025-09-23 14:50:42] [INFO] Embedding generated successfully {"duration_ms":690.25}
[2025-09-23 14:50:42] [WARNING] No vectors found in database 
[2025-09-23 14:50:42] [INFO] No similar items found via semantic search 
[2025-09-23 14:50:42] [INFO] BM25 search completed {"results_count":8,"max_score":2.258233548241196}
[2025-09-23 14:50:42] [INFO] SQL search completed {"searched_tours":true,"searched_hotels":false,"total_results":8,"final_results":8}
[2025-09-23 14:50:42] [INFO] Parallel retrieval completed {"semantic_count":0,"bm25_count":8,"sql_count":8,"retrieval_time_ms":709.88}
[2025-09-23 14:50:42] [INFO] Result merging completed {"unified_count":8,"final_count":6}
[2025-09-23 14:50:42] [INFO] Hybrid search completed {"final_results_count":6,"confidence_score":0.58}
[2025-09-23 14:50:44] [INFO] Vietnamese response generated {"match_level":"hybrid_match","duration_ms":2523.84}
[2025-09-23 14:50:46] [INFO] Hybrid response generated successfully {"response_type":"tour_search","layout_type":"single_tours","confidence":0.58,"display_items":6}
[2025-09-23 14:50:46] [INFO] Message processed successfully {"processingTime":"4468.62ms","confidence":0.58}
[2025-09-23 14:50:58] [INFO] RAG Chatbot initialized successfully {"userId":1}
[2025-09-23 14:50:58] [INFO] RAG Chatbot initialized successfully {"userId":1}
[2025-09-23 14:51:09] [INFO] RAG Chatbot initialized successfully {"userId":1}
[2025-09-23 14:51:13] [INFO] RAG Chatbot initialized successfully {"userId":1}
[2025-09-24 14:58:12] [INFO] RAG Chatbot initialized successfully {"userId":1}
[2025-09-24 14:58:12] [INFO] RAG Chatbot initialized successfully {"userId":1}
[2025-09-24 14:58:13] [INFO] RAG Chatbot initialized successfully {"userId":1}
[2025-09-24 14:58:19] [INFO] RAG Chatbot initialized successfully {"userId":1}
[2025-09-24 14:58:19] [INFO] Starting parallel hybrid retrieval {"query_length":13,"intent":"tour_search","cities_count":1}
[2025-09-24 14:58:20] [INFO] Embedding generated successfully {"duration_ms":1532.52}
[2025-09-24 14:58:21] [WARNING] No vectors found in database 
[2025-09-24 14:58:21] [INFO] No similar items found via semantic search 
[2025-09-24 14:58:21] [INFO] BM25 search completed {"results_count":8,"max_score":1.1781046650939158}
[2025-09-24 14:58:21] [INFO] SQL search completed {"searched_tours":true,"searched_hotels":false,"total_results":8,"final_results":8}
[2025-09-24 14:58:21] [INFO] Parallel retrieval completed {"semantic_count":0,"bm25_count":8,"sql_count":8,"retrieval_time_ms":1632.4}
[2025-09-24 14:58:21] [INFO] Result merging completed {"unified_count":8,"final_count":6}
[2025-09-24 14:58:21] [INFO] Hybrid search completed {"final_results_count":6,"confidence_score":0.49}
[2025-09-24 14:58:24] [INFO] Vietnamese response generated {"match_level":"hybrid_match","duration_ms":3602.21}
[2025-09-24 14:58:26] [INFO] Hybrid response generated successfully {"response_type":"tour_search","layout_type":"single_tours","confidence":0.49,"display_items":6}
[2025-09-24 14:58:26] [INFO] Message processed successfully {"processingTime":"7129.87ms","confidence":0.49}
[2025-09-24 15:14:10] [INFO] RAG Chatbot initialized successfully {"userId":1}
[2025-09-24 15:14:10] [INFO] RAG Chatbot initialized successfully {"userId":1}
[2025-09-24 15:14:12] [INFO] RAG Chatbot initialized successfully {"userId":1}
[2025-09-24 15:14:23] [INFO] RAG Chatbot initialized successfully {"userId":1}
[2025-09-24 15:14:23] [INFO] Starting parallel hybrid retrieval {"query_length":19,"intent":"tour_search","cities_count":1}
[2025-09-24 15:14:24] [INFO] Embedding generated successfully {"duration_ms":1448.32}
[2025-09-24 15:14:24] [WARNING] No vectors found in database 
[2025-09-24 15:14:24] [INFO] No similar items found via semantic search 
[2025-09-24 15:14:25] [INFO] BM25 search completed {"results_count":8,"max_score":4.205798207423867}
[2025-09-24 15:14:25] [INFO] SQL search completed {"searched_tours":true,"searched_hotels":false,"total_results":8,"final_results":8}
[2025-09-24 15:14:25] [INFO] Parallel retrieval completed {"semantic_count":0,"bm25_count":8,"sql_count":8,"retrieval_time_ms":1472.06}
[2025-09-24 15:14:25] [INFO] Result merging completed {"unified_count":8,"final_count":6}
[2025-09-24 15:14:25] [INFO] Hybrid search completed {"final_results_count":6,"confidence_score":0.6}
[2025-09-24 15:14:28] [INFO] Vietnamese response generated {"match_level":"hybrid_match","duration_ms":3867.95}
[2025-09-24 15:14:30] [INFO] Hybrid response generated successfully {"response_type":"tour_search","layout_type":"single_tours","confidence":0.6,"display_items":6}
[2025-09-24 15:14:30] [INFO] Message processed successfully {"processingTime":"7308.93ms","confidence":0.6}
[2025-09-24 15:14:51] [INFO] RAG Chatbot initialized successfully {"userId":1}
[2025-09-24 15:14:51] [INFO] RAG Chatbot initialized successfully {"userId":1}
[2025-09-24 15:15:01] [INFO] RAG Chatbot initialized successfully {"userId":1}
[2025-09-24 15:15:01] [INFO] RAG Chatbot initialized successfully {"userId":1}
[2025-09-24 15:15:06] [INFO] RAG Chatbot initialized successfully {"userId":1}
[2025-09-24 15:15:06] [INFO] RAG Chatbot initialized successfully {"userId":1}
[2025-09-24 15:30:28] [INFO] RAG Chatbot initialized successfully {"userId":1}
[2025-09-24 15:30:28] [INFO] RAG Chatbot initialized successfully {"userId":1}
[2025-09-24 15:30:34] [INFO] RAG Chatbot initialized successfully {"userId":1}
[2025-09-24 15:30:34] [INFO] Starting parallel hybrid retrieval {"query_length":22,"intent":"tour_search","cities_count":1}
[2025-09-24 15:30:36] [INFO] Embedding generated successfully {"duration_ms":1477.03}
[2025-09-24 15:30:36] [WARNING] No vectors found in database 
[2025-09-24 15:30:36] [INFO] No similar items found via semantic search 
[2025-09-24 15:30:36] [INFO] BM25 search completed {"results_count":8,"max_score":2.2503858093899476}
[2025-09-24 15:30:36] [INFO] SQL search completed {"searched_tours":true,"searched_hotels":false,"total_results":8,"final_results":8}
[2025-09-24 15:30:36] [INFO] Parallel retrieval completed {"semantic_count":0,"bm25_count":8,"sql_count":8,"retrieval_time_ms":1517.42}
[2025-09-24 15:30:36] [INFO] Result merging completed {"unified_count":8,"final_count":6}
[2025-09-24 15:30:36] [INFO] Hybrid search completed {"final_results_count":6,"confidence_score":0.57}
[2025-09-24 15:30:39] [INFO] Vietnamese response generated {"match_level":"hybrid_match","duration_ms":3314.9}
[2025-09-24 15:30:41] [INFO] Hybrid response generated successfully {"response_type":"tour_search","layout_type":"single_tours","confidence":0.57,"display_items":6}
[2025-09-24 15:30:41] [INFO] Message processed successfully {"processingTime":"6526.86ms","confidence":0.57}
[2025-09-26 02:05:42] [INFO] RAG Chatbot initialized successfully {"userId":1}
[2025-09-26 02:05:42] [INFO] RAG Chatbot initialized successfully {"userId":1}
[2025-09-26 02:05:50] [INFO] RAG Chatbot initialized successfully {"userId":1}
[2025-09-26 02:05:50] [INFO] Starting parallel hybrid retrieval {"query_length":20,"intent":"tour_search","cities_count":1}
[2025-09-26 02:05:51] [INFO] Embedding generated successfully {"duration_ms":992.04}
[2025-09-26 02:05:51] [WARNING] No vectors found in database 
[2025-09-26 02:05:51] [INFO] No similar items found via semantic search 
[2025-09-26 02:05:51] [INFO] BM25 search completed {"results_count":8,"max_score":2.1818528139177324}
[2025-09-26 02:05:51] [INFO] SQL search completed {"searched_tours":true,"searched_hotels":false,"total_results":8,"final_results":8}
[2025-09-26 02:05:51] [INFO] Parallel retrieval completed {"semantic_count":0,"bm25_count":8,"sql_count":8,"retrieval_time_ms":1106.02}
[2025-09-26 02:05:51] [INFO] Result merging completed {"unified_count":8,"final_count":6}
[2025-09-26 02:05:51] [INFO] Hybrid search completed {"final_results_count":6,"confidence_score":0.51}
[2025-09-26 02:05:54] [INFO] Vietnamese response generated {"match_level":"hybrid_match","duration_ms":2399.92}
[2025-09-26 02:05:54] [ERROR] Failed to generate AI suggestions {"error":"Gemini API error (429): You exceeded your current quota, please check your plan and billing details. For more information on this error, head to: https:\/\/ai.google.dev\/gemini-api\/docs\/rate-limits.\n* Quota exceeded for metric: generativelanguage.googleapis.com\/generate_content_free_tier_requests, limit: 200\nPlease retry in 39.438537875s."}
[2025-09-26 02:05:54] [INFO] Hybrid response generated successfully {"response_type":"tour_search","layout_type":"single_tours","confidence":0.51,"display_items":6}
[2025-09-26 02:05:54] [INFO] Message processed successfully {"processingTime":"4154.5ms","confidence":0.51}
[2025-09-26 02:19:46] [INFO] RAG Chatbot initialized successfully {"userId":1}
[2025-09-26 02:19:46] [INFO] RAG Chatbot initialized successfully {"userId":1}
[2025-09-26 02:19:51] [INFO] RAG Chatbot initialized successfully {"userId":1}
[2025-09-26 02:20:36] [INFO] RAG Chatbot initialized successfully {"userId":1}
[2025-09-26 02:20:36] [INFO] RAG Chatbot initialized successfully {"userId":1}
[2025-09-26 02:20:53] [INFO] RAG Chatbot initialized successfully {"userId":1}
[2025-09-26 02:20:53] [INFO] RAG Chatbot initialized successfully {"userId":1}
[2025-09-26 02:21:00] [INFO] RAG Chatbot initialized successfully {"userId":1}
[2025-09-26 02:21:00] [INFO] Starting parallel hybrid retrieval {"query_length":13,"intent":"tour_search","cities_count":1}
[2025-09-26 02:21:01] [INFO] Embedding generated successfully {"duration_ms":740.3}
[2025-09-26 02:21:01] [WARNING] No vectors found in database 
[2025-09-26 02:21:01] [INFO] No similar items found via semantic search 
[2025-09-26 02:21:01] [INFO] BM25 search completed {"results_count":8,"max_score":1.1781046650939158}
[2025-09-26 02:21:01] [INFO] SQL search completed {"searched_tours":true,"searched_hotels":false,"total_results":8,"final_results":8}
[2025-09-26 02:21:01] [INFO] Parallel retrieval completed {"semantic_count":0,"bm25_count":8,"sql_count":8,"retrieval_time_ms":765.08}
[2025-09-26 02:21:01] [INFO] Result merging completed {"unified_count":8,"final_count":6}
[2025-09-26 02:21:01] [INFO] Hybrid search completed {"final_results_count":6,"confidence_score":0.49}
[2025-09-26 02:21:01] [ERROR] Failed to generate Vietnamese response {"error":"Gemini API error (429): You exceeded your current quota, please check your plan and billing details. For more information on this error, head to: https:\/\/ai.google.dev\/gemini-api\/docs\/rate-limits.\n* Quota exceeded for metric: generativelanguage.googleapis.com\/generate_content_free_tier_requests, limit: 200\nPlease retry in 32.242507284s.","match_level":"hybrid_match"}
[2025-09-26 02:21:01] [ERROR] Hybrid response generation failed {"error":"Gemini API error (429): You exceeded your current quota, please check your plan and billing details. For more information on this error, head to: https:\/\/ai.google.dev\/gemini-api\/docs\/rate-limits.\n* Quota exceeded for metric: generativelanguage.googleapis.com\/generate_content_free_tier_requests, limit: 200\nPlease retry in 32.242507284s.","user_message":"tour ha giang"}
[2025-09-26 02:21:01] [INFO] Message processed successfully {"processingTime":"1409.82ms","confidence":0.49}
[2025-09-26 02:21:06] [INFO] RAG Chatbot initialized successfully {"userId":1}
[2025-09-26 02:21:12] [INFO] RAG Chatbot initialized successfully {"userId":1}
[2025-09-26 02:21:12] [INFO] Starting parallel hybrid retrieval {"query_length":12,"intent":"tour_search","cities_count":1}
[2025-09-26 02:21:13] [INFO] Embedding generated successfully {"duration_ms":691.65}
[2025-09-26 02:21:13] [WARNING] No vectors found in database 
[2025-09-26 02:21:13] [INFO] No similar items found via semantic search 
[2025-09-26 02:21:13] [INFO] BM25 search completed {"results_count":8,"max_score":2.1537427649084426}
[2025-09-26 02:21:13] [INFO] SQL search completed {"searched_tours":true,"searched_hotels":false,"total_results":8,"final_results":8}
[2025-09-26 02:21:13] [INFO] Parallel retrieval completed {"semantic_count":0,"bm25_count":8,"sql_count":8,"retrieval_time_ms":698.22}
[2025-09-26 02:21:13] [INFO] Result merging completed {"unified_count":8,"final_count":6}
[2025-09-26 02:21:13] [INFO] Hybrid search completed {"final_results_count":6,"confidence_score":0.5}
[2025-09-26 02:21:13] [ERROR] Failed to generate Vietnamese response {"error":"Gemini API error (429): You exceeded your current quota, please check your plan and billing details. For more information on this error, head to: https:\/\/ai.google.dev\/gemini-api\/docs\/rate-limits.\n* Quota exceeded for metric: generativelanguage.googleapis.com\/generate_content_free_tier_requests, limit: 200\nPlease retry in 20.197938823s.","match_level":"hybrid_match"}
[2025-09-26 02:21:13] [ERROR] Hybrid response generation failed {"error":"Gemini API error (429): You exceeded your current quota, please check your plan and billing details. For more information on this error, head to: https:\/\/ai.google.dev\/gemini-api\/docs\/rate-limits.\n* Quota exceeded for metric: generativelanguage.googleapis.com\/generate_content_free_tier_requests, limit: 200\nPlease retry in 20.197938823s.","user_message":"tour da nang"}
[2025-09-26 02:21:13] [INFO] Message processed successfully {"processingTime":"1277.69ms","confidence":0.5}
[2025-09-26 02:34:14] [INFO] RAG Chatbot initialized successfully {"userId":1}
[2025-09-26 02:34:23] [INFO] RAG Chatbot initialized successfully {"userId":1}
[2025-09-26 02:34:23] [INFO] Starting parallel hybrid retrieval {"query_length":19,"intent":"tour_search","cities_count":1}
[2025-09-26 02:34:24] [INFO] Embedding generated successfully {"duration_ms":689.92}
[2025-09-26 02:34:24] [WARNING] No vectors found in database 
[2025-09-26 02:34:24] [INFO] No similar items found via semantic search 
[2025-09-26 02:34:24] [INFO] BM25 search completed {"results_count":8,"max_score":1.1702163334998843}
[2025-09-26 02:34:24] [INFO] SQL search completed {"searched_tours":true,"searched_hotels":false,"total_results":8,"final_results":8}
[2025-09-26 02:34:24] [INFO] Parallel retrieval completed {"semantic_count":0,"bm25_count":8,"sql_count":8,"retrieval_time_ms":718.67}
[2025-09-26 02:34:24] [INFO] Result merging completed {"unified_count":8,"final_count":6}
[2025-09-26 02:34:24] [INFO] Hybrid search completed {"final_results_count":6,"confidence_score":0.46}
[2025-09-26 02:34:26] [INFO] Vietnamese response generated {"match_level":"hybrid_match","duration_ms":2328.26}
[2025-09-26 02:34:27] [ERROR] Failed to generate AI suggestions {"error":"Gemini API error (429): You exceeded your current quota, please check your plan and billing details. For more information on this error, head to: https:\/\/ai.google.dev\/gemini-api\/docs\/rate-limits.\n* Quota exceeded for metric: generativelanguage.googleapis.com\/generate_content_free_tier_requests, limit: 200\nPlease retry in 6.649948312s."}
[2025-09-26 02:34:27] [INFO] Hybrid response generated successfully {"response_type":"tour_search","layout_type":"single_tours","confidence":0.46,"display_items":6}
[2025-09-26 02:34:27] [INFO] Message processed successfully {"processingTime":"3696.49ms","confidence":0.46}
[2025-09-26 03:07:24] [INFO] RAG Chatbot initialized successfully {"userId":1}
[2025-09-26 03:07:24] [INFO] Starting parallel hybrid retrieval {"query_length":32,"intent":"general","cities_count":0}
[2025-09-26 03:07:24] [INFO] Embedding generated successfully {"duration_ms":765.47}
[2025-09-26 03:07:24] [WARNING] No vectors found in database 
[2025-09-26 03:07:24] [INFO] No similar items found via semantic search 
[2025-09-26 03:07:25] [INFO] BM25 search completed {"results_count":0,"max_score":0}
[2025-09-26 03:07:25] [INFO] SQL search completed {"searched_tours":true,"searched_hotels":false,"total_results":15,"final_results":15}
[2025-09-26 03:07:25] [INFO] Parallel retrieval completed {"semantic_count":0,"bm25_count":0,"sql_count":15,"retrieval_time_ms":845.97}
[2025-09-26 03:07:25] [INFO] Result merging completed {"unified_count":15,"final_count":7}
[2025-09-26 03:07:25] [INFO] Hybrid search completed {"final_results_count":7,"confidence_score":0.12}
[2025-09-26 03:13:46] [INFO] RAG Chatbot initialized successfully {"userId":1}
[2025-09-26 03:13:46] [INFO] Starting parallel hybrid retrieval {"query_length":16,"intent":"tour_search","cities_count":1}
[2025-09-26 03:13:47] [INFO] Embedding generated successfully {"duration_ms":711.38}
[2025-09-26 03:13:47] [WARNING] No vectors found in database 
[2025-09-26 03:13:47] [INFO] No similar items found via semantic search 
[2025-09-26 03:13:47] [INFO] BM25 search completed {"results_count":8,"max_score":4.205798207423867}
[2025-09-26 03:13:47] [INFO] SQL search completed {"searched_tours":true,"searched_hotels":false,"total_results":8,"final_results":8}
[2025-09-26 03:13:47] [INFO] Parallel retrieval completed {"semantic_count":0,"bm25_count":8,"sql_count":8,"retrieval_time_ms":725.61}
[2025-09-26 03:13:47] [INFO] Result merging completed {"unified_count":8,"final_count":6}
[2025-09-26 03:13:47] [INFO] Hybrid search completed {"final_results_count":6,"confidence_score":0.6}
[2025-09-26 03:13:47] [ERROR] Failed to generate Vietnamese response {"error":"Gemini API error (429): You exceeded your current quota, please check your plan and billing details. For more information on this error, head to: https:\/\/ai.google.dev\/gemini-api\/docs\/rate-limits.\n* Quota exceeded for metric: generativelanguage.googleapis.com\/generate_content_free_tier_requests, limit: 200\nPlease retry in 46.332666153s.","match_level":"hybrid_match"}
[2025-09-26 03:13:47] [ERROR] Hybrid response generation failed {"error":"Gemini API error (429): You exceeded your current quota, please check your plan and billing details. For more information on this error, head to: https:\/\/ai.google.dev\/gemini-api\/docs\/rate-limits.\n* Quota exceeded for metric: generativelanguage.googleapis.com\/generate_content_free_tier_requests, limit: 200\nPlease retry in 46.332666153s.","user_message":"show tour ha noi"}
[2025-09-26 03:13:47] [INFO] Conversation saved successfully {"userId":1,"title":"Sur Ha Noi..."}
[2025-09-26 03:13:47] [INFO] Message processed successfully {"processingTime":"1335.22ms","confidence":0.6}
[2025-09-26 03:14:01] [INFO] RAG Chatbot initialized successfully {"userId":1}
[2025-09-26 03:14:06] [INFO] RAG Chatbot initialized successfully {"userId":1}
[2025-09-26 03:14:06] [INFO] Starting parallel hybrid retrieval {"query_length":20,"intent":"tour_search","cities_count":1}
[2025-09-26 03:14:07] [INFO] Embedding generated successfully {"duration_ms":659.58}
[2025-09-26 03:14:07] [WARNING] No vectors found in database 
[2025-09-26 03:14:07] [INFO] No similar items found via semantic search 
[2025-09-26 03:14:07] [INFO] BM25 search completed {"results_count":8,"max_score":2.1818528139177324}
[2025-09-26 03:14:07] [INFO] SQL search completed {"searched_tours":true,"searched_hotels":false,"total_results":8,"final_results":8}
[2025-09-26 03:14:07] [INFO] Parallel retrieval completed {"semantic_count":0,"bm25_count":8,"sql_count":8,"retrieval_time_ms":670.23}
[2025-09-26 03:14:07] [INFO] Result merging completed {"unified_count":8,"final_count":6}
[2025-09-26 03:14:07] [INFO] Hybrid search completed {"final_results_count":6,"confidence_score":0.51}
[2025-09-26 03:14:07] [ERROR] Failed to generate Vietnamese response {"error":"Gemini API error (429): You exceeded your current quota, please check your plan and billing details. For more information on this error, head to: https:\/\/ai.google.dev\/gemini-api\/docs\/rate-limits.\n* Quota exceeded for metric: generativelanguage.googleapis.com\/generate_content_free_tier_requests, limit: 200\nPlease retry in 26.052132808s.","match_level":"hybrid_match"}
[2025-09-26 03:14:07] [ERROR] Hybrid response generation failed {"error":"Gemini API error (429): You exceeded your current quota, please check your plan and billing details. For more information on this error, head to: https:\/\/ai.google.dev\/gemini-api\/docs\/rate-limits.\n* Quota exceeded for metric: generativelanguage.googleapis.com\/generate_content_free_tier_requests, limit: 200\nPlease retry in 26.052132808s.","user_message":"show tour in can tho"}
[2025-09-26 03:14:07] [INFO] Conversation saved successfully {"userId":1,"title":"Sur In Can Tho..."}
[2025-09-26 03:14:07] [INFO] Message processed successfully {"processingTime":"1258.04ms","confidence":0.51}
[2025-09-26 03:18:52] [INFO] RAG Chatbot initialized successfully {"userId":1}
[2025-09-26 03:18:56] [INFO] RAG Chatbot initialized successfully {"userId":1}
[2025-09-26 03:18:56] [INFO] Starting parallel hybrid retrieval {"query_length":6,"intent":"general","cities_count":1}
[2025-09-26 03:18:56] [INFO] Embedding generated successfully {"duration_ms":739.18}
[2025-09-26 03:18:56] [WARNING] No vectors found in database 
[2025-09-26 03:18:56] [INFO] No similar items found via semantic search 
[2025-09-26 03:18:56] [INFO] BM25 search completed {"results_count":15,"max_score":1.0666225981048798}
[2025-09-26 03:18:56] [INFO] SQL search completed {"searched_tours":true,"searched_hotels":false,"total_results":8,"final_results":8}
[2025-09-26 03:18:56] [INFO] Parallel retrieval completed {"semantic_count":0,"bm25_count":15,"sql_count":8,"retrieval_time_ms":747.04}
[2025-09-26 03:18:56] [INFO] Result merging completed {"unified_count":15,"final_count":6}
[2025-09-26 03:18:56] [INFO] Hybrid search completed {"final_results_count":6,"confidence_score":0.43}
[2025-09-26 03:18:57] [ERROR] Failed to generate Vietnamese response {"error":"Gemini API error (429): You exceeded your current quota, please check your plan and billing details. For more information on this error, head to: https:\/\/ai.google.dev\/gemini-api\/docs\/rate-limits.\n* Quota exceeded for metric: generativelanguage.googleapis.com\/generate_content_free_tier_requests, limit: 200\nPlease retry in 36.64094402s.","match_level":"hybrid_match"}
[2025-09-26 03:18:57] [ERROR] Hybrid response generation failed {"error":"Gemini API error (429): You exceeded your current quota, please check your plan and billing details. For more information on this error, head to: https:\/\/ai.google.dev\/gemini-api\/docs\/rate-limits.\n* Quota exceeded for metric: generativelanguage.googleapis.com\/generate_content_free_tier_requests, limit: 200\nPlease retry in 36.64094402s.","user_message":"da lat"}
[2025-09-26 03:18:57] [INFO] Conversation saved successfully {"userId":1,"title":"Da Lat"}
[2025-09-26 03:18:57] [INFO] Message processed successfully {"processingTime":"1286.59ms","confidence":0.43}
[2025-09-26 04:57:07] [INFO] RAG Chatbot initialized successfully {"userId":1,"components":{"database":"connected","gemini":"initialized","hybrid_retriever":"ready","response_generator":"ready"}}
[2025-09-26 04:57:07] [INFO] Processing message {"message":"hi","history_count":1}
[2025-09-26 04:57:13] [INFO] RAG Chatbot initialized successfully {"userId":1,"components":{"database":"connected","gemini":"initialized","hybrid_retriever":"ready","response_generator":"ready"}}
[2025-09-26 04:57:13] [INFO] Processing message {"message":"tour nha trang","history_count":3}
[2025-09-26 04:57:13] [INFO] Starting hybrid retrieval {"query":"tour nha trang","intent":"tour_search"}
[2025-09-26 04:57:13] [WARNING] No vectors found in database 
[2025-09-26 04:57:13] [INFO] Hybrid retrieval completed successfully {"total_results":6,"confidence":0.64,"retrieval_stats":{"semantic_results":0,"bm25_results":8,"sql_results":8,"final_results":6}}
[2025-09-26 04:57:17] [WARNING] Rate limit hit, retrying {"attempt":1,"delay":1}
[2025-09-26 04:57:19] [WARNING] Rate limit hit, retrying {"attempt":2,"delay":2}
[2025-09-26 04:57:21] [ERROR] API call failed after all retries {"error":"API error (429): You exceeded your current quota, please check your plan and billing details. For more information on this error, head to: https:\/\/ai.google.dev\/gemini-api\/docs\/rate-limits.\n* Quota exceeded for metric: generativelanguage.googleapis.com\/generate_content_free_tier_requests, limit: 200\nPlease retry in 12.302556898s.","attempts":3,"api_url":"https:\/\/generativelanguage.googleapis.com\/v1beta\/models\/gemini-2.0-flash:generateContent"}
[2025-09-26 04:57:21] [WARNING] Suggestion generation failed {"error":"API error (429): You exceeded your current quota, please check your plan and billing details. For more information on this error, head to: https:\/\/ai.google.dev\/gemini-api\/docs\/rate-limits.\n* Quota exceeded for metric: generativelanguage.googleapis.com\/generate_content_free_tier_requests, limit: 200\nPlease retry in 12.302556898s."}
[2025-09-26 04:57:21] [INFO] Hybrid response generated successfully {"response_type":"tour_search","layout_type":"single_tours","confidence":0.64,"display_items":6}
[2025-09-26 04:57:21] [INFO] Conversation saved successfully {"userId":1,"title":"Tour Nha Trang"}
[2025-09-26 04:57:21] [INFO] Message processed successfully {"processing_time_ms":8599.8,"confidence":0.64,"response_type":"tour_search","layout_type":"single_tours","items_returned":6}
[2025-09-26 08:09:07] [INFO] RAG Chatbot initialized successfully {"userId":1,"components":{"database":"connected","gemini":"initialized","hybrid_retriever":"ready","response_generator":"ready"}}
[2025-09-26 08:09:07] [INFO] Processing message {"message":"show tour in da lat","history_count":1}
[2025-09-26 08:09:07] [INFO] Starting hybrid retrieval {"query":"show tour in da lat","intent":"tour_search"}
[2025-09-26 08:09:09] [WARNING] No vectors found in database 
[2025-09-26 08:09:09] [INFO] Hybrid retrieval completed successfully {"total_results":6,"confidence":0.64,"retrieval_stats":{"semantic_results":0,"bm25_results":8,"sql_results":8,"final_results":6}}
[2025-09-26 08:09:17] [INFO] Hybrid response generated successfully {"response_type":"tour_search","layout_type":"single_tours","confidence":0.64,"display_items":6}
[2025-09-26 08:09:17] [INFO] Conversation saved successfully {"userId":1,"title":"Sur In Da Lat..."}
[2025-09-26 08:09:17] [INFO] Message processed successfully {"processing_time_ms":9753.64,"confidence":0.64,"response_type":"tour_search","layout_type":"single_tours","items_returned":6}
[2025-09-26 08:24:28] [INFO] RAG Chatbot initialized successfully {"userId":1,"components":{"database":"connected","gemini":"initialized","hybrid_retriever":"ready","response_generator":"ready"}}
[2025-09-26 08:24:28] [INFO] Processing message {"message":"hello","history_count":1}
[2025-09-26 08:25:01] [INFO] RAG Chatbot initialized successfully {"userId":1,"components":{"database":"connected","gemini":"initialized","hybrid_retriever":"ready","response_generator":"ready"}}
[2025-09-26 08:25:01] [INFO] Processing message {"message":"hi","history_count":1}
[2025-09-26 08:36:09] [INFO] RAG Chatbot initialized successfully {"userId":1,"components":{"database":"connected","gemini":"initialized","hybrid_retriever":"ready","response_generator":"ready"}}
[2025-09-26 08:36:09] [INFO] Processing message {"message":"how are you today?","history_count":1}
[2025-09-26 08:36:09] [INFO] Starting hybrid retrieval {"query":"how are you today?","intent":"general"}
[2025-09-26 08:36:11] [WARNING] No vectors found in database 
[2025-09-26 08:36:11] [INFO] Hybrid retrieval completed successfully {"total_results":7,"confidence":0.55,"retrieval_stats":{"semantic_results":0,"bm25_results":0,"sql_results":15,"final_results":7}}
[2025-09-26 08:36:17] [INFO] Hybrid response generated successfully {"response_type":"tour_search","layout_type":"single_tours","confidence":0.55,"display_items":7}
[2025-09-26 08:36:17] [INFO] Conversation saved successfully {"userId":1,"title":"How Are You Today"}
[2025-09-26 08:36:17] [INFO] Message processed successfully {"processing_time_ms":7487.62,"confidence":0.55,"response_type":"tour_search","layout_type":"single_tours","items_returned":7}
[2025-09-26 08:38:55] [INFO] RAG Chatbot initialized successfully {"userId":1,"components":{"database":"connected","gemini":"initialized","hybrid_retriever":"ready","response_generator":"ready"}}
[2025-09-26 08:38:55] [INFO] Processing message {"message":"show tour in Binh Thuan","history_count":1}
[2025-09-26 08:38:55] [INFO] Processing international query {"cities":[{"id":null,"name":"Binh Thuan"}],"message":"show tour in Binh Thuan"}
[2025-09-26 08:39:00] [INFO] Conversation saved successfully {"userId":1,"title":"Sur In Binh Thuan..."}
[2025-09-26 08:40:29] [INFO] RAG Chatbot initialized successfully {"userId":1,"components":{"database":"connected","gemini":"initialized","hybrid_retriever":"ready","response_generator":"ready"}}
[2025-09-26 08:40:29] [INFO] Processing message {"message":"12","history_count":1}
[2025-09-26 08:40:29] [INFO] Starting hybrid retrieval {"query":"12","intent":"general"}
[2025-09-26 08:40:30] [WARNING] No vectors found in database 
[2025-09-26 08:40:30] [INFO] Hybrid retrieval completed successfully {"total_results":7,"confidence":0.55,"retrieval_stats":{"semantic_results":0,"bm25_results":0,"sql_results":15,"final_results":7}}
[2025-09-26 08:40:36] [INFO] Hybrid response generated successfully {"response_type":"tour_search","layout_type":"single_tours","confidence":0.55,"display_items":7}
[2025-09-26 08:40:36] [INFO] Conversation saved successfully {"userId":1,"title":"12"}
[2025-09-26 08:40:36] [INFO] Message processed successfully {"processing_time_ms":7624.84,"confidence":0.55,"response_type":"tour_search","layout_type":"single_tours","items_returned":7}
[2025-09-26 08:54:30] [INFO] RAG Chatbot initialized successfully {"userId":1,"components":{"database":"connected","gemini":"initialized","hybrid_retriever":"ready","response_generator":"ready"}}
[2025-09-26 08:54:30] [INFO] Processing message {"message":"introduce tour in phu yen","history_count":1}
[2025-09-26 08:54:30] [INFO] Starting hybrid retrieval {"query":"introduce tour in phu yen","intent":"tour_search"}
[2025-09-26 08:54:31] [WARNING] No vectors found in database 
[2025-09-26 08:54:31] [INFO] Hybrid retrieval completed successfully {"total_results":6,"confidence":0.64,"retrieval_stats":{"semantic_results":0,"bm25_results":8,"sql_results":8,"final_results":6}}
[2025-09-26 08:54:37] [INFO] Hybrid response generated successfully {"response_type":"tour_search","layout_type":"single_tours","confidence":0.64,"display_items":6}
[2025-09-26 08:54:37] [INFO] Conversation saved successfully {"userId":1,"title":"Introduce Tour In Phu Yen"}
[2025-09-26 08:54:37] [INFO] Message processed successfully {"processing_time_ms":7669.46,"confidence":0.64,"response_type":"tour_search","layout_type":"single_tours","items_returned":6}
[2025-09-26 08:55:10] [INFO] RAG Chatbot initialized successfully {"userId":1,"components":{"database":"connected","gemini":"initialized","hybrid_retriever":"ready","response_generator":"ready"}}
[2025-09-26 08:55:10] [INFO] Processing message {"message":"show tour in Can tho","history_count":3}
[2025-09-26 08:55:10] [INFO] Starting hybrid retrieval {"query":"show tour in Can tho","intent":"tour_search"}
[2025-09-26 08:55:12] [WARNING] No vectors found in database 
[2025-09-26 08:55:12] [INFO] Hybrid retrieval completed successfully {"total_results":6,"confidence":0.64,"retrieval_stats":{"semantic_results":0,"bm25_results":8,"sql_results":8,"final_results":6}}
[2025-09-26 08:55:18] [INFO] Hybrid response generated successfully {"response_type":"tour_search","layout_type":"single_tours","confidence":0.64,"display_items":6}
[2025-09-26 08:55:18] [INFO] Conversation saved successfully {"userId":1,"title":"Sur In Can Tho..."}
[2025-09-26 08:55:18] [INFO] Message processed successfully {"processing_time_ms":8092.56,"confidence":0.64,"response_type":"tour_search","layout_type":"single_tours","items_returned":6}
[2025-09-26 08:55:31] [INFO] RAG Chatbot initialized successfully {"userId":1,"components":{"database":"connected","gemini":"initialized","hybrid_retriever":"ready","response_generator":"ready"}}
[2025-09-26 08:55:31] [INFO] Processing message {"message":"introduce tour in Tay Bac","history_count":5}
[2025-09-26 08:55:31] [INFO] Starting hybrid retrieval {"query":"introduce tour in Tay Bac","intent":"tour_search"}
[2025-09-26 08:55:32] [WARNING] No vectors found in database 
[2025-09-26 08:55:32] [INFO] Hybrid retrieval completed successfully {"total_results":6,"confidence":0.64,"retrieval_stats":{"semantic_results":0,"bm25_results":8,"sql_results":8,"final_results":6}}
[2025-09-26 08:55:39] [INFO] Hybrid response generated successfully {"response_type":"tour_search","layout_type":"single_tours","confidence":0.64,"display_items":6}
[2025-09-26 08:55:39] [INFO] Conversation saved successfully {"userId":1,"title":"Introduce Tour In Tay Bac"}
[2025-09-26 08:55:39] [INFO] Message processed successfully {"processing_time_ms":8461.26,"confidence":0.64,"response_type":"tour_search","layout_type":"single_tours","items_returned":6}
[2025-09-26 08:57:34] [INFO] RAG Chatbot initialized successfully {"userId":1,"components":{"database":"connected","gemini":"initialized","hybrid_retriever":"ready","response_generator":"ready"}}
[2025-09-26 08:57:34] [INFO] Processing message {"message":"introduce tour in Nha trang and Da Lat","history_count":1}
[2025-09-26 08:57:34] [INFO] Starting hybrid retrieval {"query":"introduce tour in Nha trang and Da Lat","intent":"tour_search"}
[2025-09-26 08:57:36] [WARNING] No vectors found in database 
[2025-09-26 08:57:36] [INFO] Hybrid retrieval completed successfully {"total_results":7,"confidence":0.7000000000000001,"retrieval_stats":{"semantic_results":0,"bm25_results":15,"sql_results":15,"final_results":7}}
[2025-09-26 08:57:44] [INFO] Hybrid response generated successfully {"response_type":"tour_search","layout_type":"multi_city_tours","confidence":0.7000000000000001,"display_items":5}
[2025-09-26 08:57:44] [INFO] Conversation saved successfully {"userId":1,"title":"Introduce Tour In Nha Trang..."}
[2025-09-26 08:57:44] [INFO] Message processed successfully {"processing_time_ms":9263.92,"confidence":0.7000000000000001,"response_type":"tour_search","layout_type":"multi_city_tours","items_returned":7}
[2025-09-26 09:03:06] [INFO] RAG Chatbot initialized successfully {"userId":1,"components":{"database":"connected","gemini":"initialized","hybrid_retriever":"ready","response_generator":"ready"}}
[2025-09-26 09:03:06] [INFO] Processing message {"message":"show tour in ha giang and tay bac","history_count":1}
[2025-09-26 09:03:06] [INFO] Starting hybrid retrieval {"query":"show tour in ha giang and tay bac","intent":"tour_search"}
[2025-09-26 09:03:08] [WARNING] No vectors found in database 
[2025-09-26 09:03:08] [INFO] Hybrid retrieval completed successfully {"total_results":7,"confidence":0.7000000000000001,"retrieval_stats":{"semantic_results":0,"bm25_results":15,"sql_results":15,"final_results":7}}
[2025-09-26 09:03:14] [INFO] Hybrid response generated successfully {"response_type":"tour_search","layout_type":"multi_city_tours","confidence":0.7000000000000001,"display_items":6}
[2025-09-26 09:03:14] [INFO] Conversation saved successfully {"userId":1,"title":"Sur In Ha Giang And..."}
[2025-09-26 09:03:14] [INFO] Message processed successfully {"processing_time_ms":7992.3,"confidence":0.7000000000000001,"response_type":"tour_search","layout_type":"multi_city_tours","items_returned":7}
[2025-09-26 09:07:11] [INFO] RAG Chatbot initialized successfully {"userId":1,"components":{"database":"connected","gemini":"initialized","hybrid_retriever":"ready","response_generator":"ready"}}
[2025-09-26 09:07:11] [INFO] Processing message {"message":"tour in Ha Noi and Can Tho","history_count":1}
[2025-09-26 09:07:11] [INFO] Starting hybrid retrieval {"query":"tour in Ha Noi and Can Tho","intent":"tour_search"}
[2025-09-26 09:07:12] [WARNING] No vectors found in database 
[2025-09-26 09:07:12] [INFO] Hybrid retrieval completed successfully {"total_results":7,"confidence":0.7000000000000001,"retrieval_stats":{"semantic_results":0,"bm25_results":15,"sql_results":15,"final_results":7}}
[2025-09-26 09:07:20] [INFO] Hybrid response generated successfully {"response_type":"tour_search","layout_type":"multi_city_tours","confidence":0.7000000000000001,"display_items":6}
[2025-09-26 09:07:20] [INFO] Conversation saved successfully {"userId":1,"title":"Tour In Ha Noi And..."}
[2025-09-26 09:07:20] [INFO] Message processed successfully {"processing_time_ms":9585.38,"confidence":0.7000000000000001,"response_type":"tour_search","layout_type":"multi_city_tours","items_returned":7}
[2025-09-26 14:33:28] [INFO] RAG Chatbot initialized successfully {"userId":1,"components":{"database":"connected","gemini":"initialized","hybrid_retriever":"ready","response_generator":"ready"}}
[2025-09-26 14:33:28] [INFO] Processing message {"message":"show tour in tay bac","history_count":1}
[2025-09-26 14:33:28] [INFO] Starting hybrid retrieval {"query":"show tour in tay bac","intent":"tour_search"}
[2025-09-26 14:33:29] [WARNING] No vectors found in database 
[2025-09-26 14:33:29] [INFO] Hybrid retrieval completed successfully {"total_results":6,"confidence":0.64,"retrieval_stats":{"semantic_results":0,"bm25_results":8,"sql_results":8,"final_results":6}}
[2025-09-26 14:33:29] [WARNING] Rate limit hit, retrying {"attempt":1,"delay":1}
[2025-09-26 14:33:31] [WARNING] Rate limit hit, retrying {"attempt":2,"delay":2}
[2025-09-26 14:33:33] [ERROR] API call failed after all retries {"error":"API error (429): You exceeded your current quota, please check your plan and billing details. For more information on this error, head to: https:\/\/ai.google.dev\/gemini-api\/docs\/rate-limits.\n* Quota exceeded for metric: generativelanguage.googleapis.com\/generate_content_free_tier_requests, limit: 200\nPlease retry in 241.508077ms.","attempts":3,"api_url":"https:\/\/generativelanguage.googleapis.com\/v1beta\/models\/gemini-2.0-flash:generateContent"}
[2025-09-26 14:33:33] [ERROR] Hybrid response generation failed {"error":"API error (429): You exceeded your current quota, please check your plan and billing details. For more information on this error, head to: https:\/\/ai.google.dev\/gemini-api\/docs\/rate-limits.\n* Quota exceeded for metric: generativelanguage.googleapis.com\/generate_content_free_tier_requests, limit: 200\nPlease retry in 241.508077ms.","user_message":"show tour in tay bac"}
[2025-09-26 14:33:34] [INFO] Conversation saved successfully {"userId":1,"title":"Sur In Tay Bac..."}
[2025-09-26 14:33:34] [INFO] Message processed successfully {"processing_time_ms":5582.02,"confidence":0.64,"response_type":"fallback","layout_type":"default","items_returned":6}
[2025-09-26 14:33:53] [INFO] RAG Chatbot initialized successfully {"userId":1,"components":{"database":"connected","gemini":"initialized","hybrid_retriever":"ready","response_generator":"ready"}}
[2025-09-26 14:33:53] [INFO] Processing message {"message":"hi","history_count":3}
[2025-09-26 14:33:57] [INFO] RAG Chatbot initialized successfully {"userId":1,"components":{"database":"connected","gemini":"initialized","hybrid_retriever":"ready","response_generator":"ready"}}
[2025-09-26 14:33:57] [INFO] Processing message {"message":"Show me tours in Ho Chi Minh City","history_count":5}
[2025-09-26 14:33:57] [INFO] Starting hybrid retrieval {"query":"Show me tours in Ho Chi Minh City","intent":"tour_search"}
[2025-09-26 14:33:57] [WARNING] No vectors found in database 
[2025-09-26 14:33:57] [INFO] Hybrid retrieval completed successfully {"total_results":6,"confidence":0.64,"retrieval_stats":{"semantic_results":0,"bm25_results":8,"sql_results":8,"final_results":6}}
[2025-09-26 14:33:58] [WARNING] Rate limit hit, retrying {"attempt":1,"delay":1}
[2025-09-26 14:34:00] [WARNING] Rate limit hit, retrying {"attempt":2,"delay":2}
[2025-09-26 14:34:02] [ERROR] API call failed after all retries {"error":"API error (429): You exceeded your current quota, please check your plan and billing details. For more information on this error, head to: https:\/\/ai.google.dev\/gemini-api\/docs\/rate-limits.\n* Quota exceeded for metric: generativelanguage.googleapis.com\/generate_content_free_tier_requests, limit: 200\nPlease retry in 31.596467431s.","attempts":3,"api_url":"https:\/\/generativelanguage.googleapis.com\/v1beta\/models\/gemini-2.0-flash:generateContent"}
[2025-09-26 14:34:02] [ERROR] Hybrid response generation failed {"error":"API error (429): You exceeded your current quota, please check your plan and billing details. For more information on this error, head to: https:\/\/ai.google.dev\/gemini-api\/docs\/rate-limits.\n* Quota exceeded for metric: generativelanguage.googleapis.com\/generate_content_free_tier_requests, limit: 200\nPlease retry in 31.596467431s.","user_message":"Show me tours in Ho Chi Minh City"}
[2025-09-26 14:34:02] [INFO] Conversation saved successfully {"userId":1,"title":"Tours In Ho Chi Minh..."}
[2025-09-26 14:34:02] [INFO] Message processed successfully {"processing_time_ms":5388.92,"confidence":0.64,"response_type":"fallback","layout_type":"default","items_returned":6}
[2025-09-26 14:39:08] [INFO] RAG Chatbot initialized successfully {"userId":1,"components":{"database":"connected","gemini":"initialized","hybrid_retriever":"ready","response_generator":"ready"}}
[2025-09-26 14:39:08] [INFO] Processing message {"message":"hi","history_count":5}
[2025-09-26 14:39:14] [INFO] RAG Chatbot initialized successfully {"userId":1,"components":{"database":"connected","gemini":"initialized","hybrid_retriever":"ready","response_generator":"ready"}}
[2025-09-26 14:39:14] [INFO] Processing message {"message":"show tour ho chi minh","history_count":5}
[2025-09-26 14:39:14] [INFO] Starting hybrid retrieval {"query":"show tour ho chi minh","intent":"tour_search"}
[2025-09-26 14:39:14] [WARNING] No vectors found in database 
[2025-09-26 14:39:14] [INFO] Hybrid retrieval completed successfully {"total_results":6,"confidence":0.64,"retrieval_stats":{"semantic_results":0,"bm25_results":8,"sql_results":8,"final_results":6}}
[2025-09-26 14:39:15] [WARNING] Rate limit hit, retrying {"attempt":1,"delay":1}
[2025-09-26 14:39:16] [WARNING] Rate limit hit, retrying {"attempt":2,"delay":2}
[2025-09-26 14:39:19] [ERROR] API call failed after all retries {"error":"API error (429): You exceeded your current quota, please check your plan and billing details. For more information on this error, head to: https:\/\/ai.google.dev\/gemini-api\/docs\/rate-limits.\n* Quota exceeded for metric: generativelanguage.googleapis.com\/generate_content_free_tier_requests, limit: 200\nPlease retry in 14.813260072s.","attempts":3,"api_url":"https:\/\/generativelanguage.googleapis.com\/v1beta\/models\/gemini-2.0-flash:generateContent"}
[2025-09-26 14:39:19] [ERROR] Hybrid response generation failed {"error":"API error (429): You exceeded your current quota, please check your plan and billing details. For more information on this error, head to: https:\/\/ai.google.dev\/gemini-api\/docs\/rate-limits.\n* Quota exceeded for metric: generativelanguage.googleapis.com\/generate_content_free_tier_requests, limit: 200\nPlease retry in 14.813260072s.","user_message":"show tour ho chi minh"}
[2025-09-26 14:39:19] [INFO] Conversation saved successfully {"userId":1,"title":"Sur Ho Chi Minh..."}
[2025-09-26 14:39:19] [INFO] Message processed successfully {"processing_time_ms":5310.16,"confidence":0.64,"response_type":"fallback","layout_type":"default","items_returned":6}
[2025-09-26 14:41:52] [INFO] RAG Chatbot initialized successfully {"userId":1,"components":{"database":"connected","gemini":"initialized","hybrid_retriever":"ready","response_generator":"ready"}}
[2025-09-26 14:41:52] [INFO] Processing message {"message":"hello word","history_count":5}
[2025-09-26 14:41:52] [INFO] Starting hybrid retrieval {"query":"hello word","intent":"general"}
[2025-09-26 14:41:53] [WARNING] No vectors found in database 
[2025-09-26 14:41:53] [INFO] Hybrid retrieval completed successfully {"total_results":7,"confidence":0.55,"retrieval_stats":{"semantic_results":0,"bm25_results":0,"sql_results":15,"final_results":7}}
[2025-09-26 14:41:57] [WARNING] Rate limit hit, retrying {"attempt":1,"delay":1}
[2025-09-26 14:41:58] [WARNING] Rate limit hit, retrying {"attempt":2,"delay":2}
[2025-09-26 14:42:01] [ERROR] API call failed after all retries {"error":"API error (429): You exceeded your current quota, please check your plan and billing details. For more information on this error, head to: https:\/\/ai.google.dev\/gemini-api\/docs\/rate-limits.\n* Quota exceeded for metric: generativelanguage.googleapis.com\/generate_content_free_tier_requests, limit: 200\nPlease retry in 32.87364394s.","attempts":3,"api_url":"https:\/\/generativelanguage.googleapis.com\/v1beta\/models\/gemini-2.0-flash:generateContent"}
[2025-09-26 14:42:01] [WARNING] Suggestion generation failed {"error":"API error (429): You exceeded your current quota, please check your plan and billing details. For more information on this error, head to: https:\/\/ai.google.dev\/gemini-api\/docs\/rate-limits.\n* Quota exceeded for metric: generativelanguage.googleapis.com\/generate_content_free_tier_requests, limit: 200\nPlease retry in 32.87364394s."}
[2025-09-26 14:42:01] [INFO] Hybrid response generated successfully {"response_type":"tour_search","layout_type":"single_tours","confidence":0.55,"display_items":7}
[2025-09-26 14:42:01] [INFO] Conversation saved successfully {"userId":1,"title":"Hello Word"}
[2025-09-26 14:42:01] [INFO] Message processed successfully {"processing_time_ms":8680.25,"confidence":0.55,"response_type":"tour_search","layout_type":"single_tours","items_returned":7}
[2025-09-26 14:42:01] [INFO] RAG Chatbot initialized successfully {"userId":1,"components":{"database":"connected","gemini":"initialized","hybrid_retriever":"ready","response_generator":"ready"}}
[2025-09-26 14:42:01] [INFO] Processing message {"message":"hello word","history_count":5}
[2025-09-26 14:42:01] [INFO] Starting hybrid retrieval {"query":"hello word","intent":"general"}
[2025-09-26 14:42:02] [WARNING] No vectors found in database 
[2025-09-26 14:42:02] [INFO] Hybrid retrieval completed successfully {"total_results":7,"confidence":0.55,"retrieval_stats":{"semantic_results":0,"bm25_results":0,"sql_results":15,"final_results":7}}
[2025-09-26 14:42:02] [WARNING] Rate limit hit, retrying {"attempt":1,"delay":1}
[2025-09-26 14:42:04] [WARNING] Rate limit hit, retrying {"attempt":2,"delay":2}
[2025-09-26 14:42:06] [ERROR] API call failed after all retries {"error":"API error (429): You exceeded your current quota, please check your plan and billing details. For more information on this error, head to: https:\/\/ai.google.dev\/gemini-api\/docs\/rate-limits.\n* Quota exceeded for metric: generativelanguage.googleapis.com\/generate_content_free_tier_requests, limit: 200\nPlease retry in 27.376755655s.","attempts":3,"api_url":"https:\/\/generativelanguage.googleapis.com\/v1beta\/models\/gemini-2.0-flash:generateContent"}
[2025-09-26 14:42:06] [ERROR] Hybrid response generation failed {"error":"API error (429): You exceeded your current quota, please check your plan and billing details. For more information on this error, head to: https:\/\/ai.google.dev\/gemini-api\/docs\/rate-limits.\n* Quota exceeded for metric: generativelanguage.googleapis.com\/generate_content_free_tier_requests, limit: 200\nPlease retry in 27.376755655s.","user_message":"hello word"}
[2025-09-26 14:42:06] [INFO] Conversation saved successfully {"userId":1,"title":"Hello Word"}
[2025-09-26 14:42:06] [INFO] Message processed successfully {"processing_time_ms":5471.7,"confidence":0.55,"response_type":"fallback","layout_type":"default","items_returned":7}
[2025-09-26 14:42:06] [INFO] RAG Chatbot initialized successfully {"userId":1,"components":{"database":"connected","gemini":"initialized","hybrid_retriever":"ready","response_generator":"ready"}}
[2025-09-26 14:42:06] [INFO] Processing message {"message":"hello word","history_count":5}
[2025-09-26 14:42:06] [INFO] Starting hybrid retrieval {"query":"hello word","intent":"general"}
[2025-09-26 14:42:07] [WARNING] No vectors found in database 
[2025-09-26 14:42:07] [INFO] Hybrid retrieval completed successfully {"total_results":7,"confidence":0.55,"retrieval_stats":{"semantic_results":0,"bm25_results":0,"sql_results":15,"final_results":7}}
[2025-09-26 14:42:08] [WARNING] Rate limit hit, retrying {"attempt":1,"delay":1}
[2025-09-26 14:42:09] [WARNING] Rate limit hit, retrying {"attempt":2,"delay":2}
[2025-09-26 14:42:12] [ERROR] API call failed after all retries {"error":"API error (429): You exceeded your current quota, please check your plan and billing details. For more information on this error, head to: https:\/\/ai.google.dev\/gemini-api\/docs\/rate-limits.\n* Quota exceeded for metric: generativelanguage.googleapis.com\/generate_content_free_tier_requests, limit: 200\nPlease retry in 21.991261053s.","attempts":3,"api_url":"https:\/\/generativelanguage.googleapis.com\/v1beta\/models\/gemini-2.0-flash:generateContent"}
[2025-09-26 14:42:12] [ERROR] Hybrid response generation failed {"error":"API error (429): You exceeded your current quota, please check your plan and billing details. For more information on this error, head to: https:\/\/ai.google.dev\/gemini-api\/docs\/rate-limits.\n* Quota exceeded for metric: generativelanguage.googleapis.com\/generate_content_free_tier_requests, limit: 200\nPlease retry in 21.991261053s.","user_message":"hello word"}
[2025-09-26 14:42:12] [INFO] Conversation saved successfully {"userId":1,"title":"Hello Word"}
[2025-09-26 14:42:12] [INFO] Message processed successfully {"processing_time_ms":5372.73,"confidence":0.55,"response_type":"fallback","layout_type":"default","items_returned":7}
[2025-09-26 14:42:12] [INFO] RAG Chatbot initialized successfully {"userId":1,"components":{"database":"connected","gemini":"initialized","hybrid_retriever":"ready","response_generator":"ready"}}
[2025-09-26 14:42:12] [INFO] Processing message {"message":"show tour tay bac","history_count":1}
[2025-09-26 14:42:12] [INFO] Starting hybrid retrieval {"query":"show tour tay bac","intent":"tour_search"}
[2025-09-26 14:42:12] [WARNING] No vectors found in database 
[2025-09-26 14:42:12] [INFO] Hybrid retrieval completed successfully {"total_results":6,"confidence":0.64,"retrieval_stats":{"semantic_results":0,"bm25_results":8,"sql_results":8,"final_results":6}}
[2025-09-26 14:42:13] [WARNING] Rate limit hit, retrying {"attempt":1,"delay":1}
[2025-09-26 14:42:15] [WARNING] Rate limit hit, retrying {"attempt":2,"delay":2}
[2025-09-26 14:42:17] [ERROR] API call failed after all retries {"error":"API error (429): You exceeded your current quota, please check your plan and billing details. For more information on this error, head to: https:\/\/ai.google.dev\/gemini-api\/docs\/rate-limits.\n* Quota exceeded for metric: generativelanguage.googleapis.com\/generate_content_free_tier_requests, limit: 200\nPlease retry in 16.713583504s.","attempts":3,"api_url":"https:\/\/generativelanguage.googleapis.com\/v1beta\/models\/gemini-2.0-flash:generateContent"}
[2025-09-26 14:42:17] [ERROR] Hybrid response generation failed {"error":"API error (429): You exceeded your current quota, please check your plan and billing details. For more information on this error, head to: https:\/\/ai.google.dev\/gemini-api\/docs\/rate-limits.\n* Quota exceeded for metric: generativelanguage.googleapis.com\/generate_content_free_tier_requests, limit: 200\nPlease retry in 16.713583504s.","user_message":"show tour tay bac"}
[2025-09-26 14:42:17] [INFO] Conversation saved successfully {"userId":1,"title":"Sur Tay Bac..."}
[2025-09-26 14:42:17] [INFO] Message processed successfully {"processing_time_ms":5249.32,"confidence":0.64,"response_type":"fallback","layout_type":"default","items_returned":6}
[2025-09-26 14:42:34] [INFO] RAG Chatbot initialized successfully {"userId":1,"components":{"database":"connected","gemini":"initialized","hybrid_retriever":"ready","response_generator":"ready"}}
[2025-09-26 14:42:34] [INFO] Processing message {"message":"show tour in can tho","history_count":0}
[2025-09-26 14:42:34] [INFO] Starting hybrid retrieval {"query":"show tour in can tho","intent":"tour_search"}
[2025-09-26 14:42:35] [WARNING] No vectors found in database 
[2025-09-26 14:42:35] [INFO] Hybrid retrieval completed successfully {"total_results":6,"confidence":0.64,"retrieval_stats":{"semantic_results":0,"bm25_results":8,"sql_results":8,"final_results":6}}
[2025-09-26 14:42:35] [WARNING] Rate limit hit, retrying {"attempt":1,"delay":1}
[2025-09-26 14:42:37] [WARNING] Rate limit hit, retrying {"attempt":2,"delay":2}
[2025-09-26 14:42:39] [ERROR] API call failed after all retries {"error":"API error (429): You exceeded your current quota, please check your plan and billing details. For more information on this error, head to: https:\/\/ai.google.dev\/gemini-api\/docs\/rate-limits.\n* Quota exceeded for metric: generativelanguage.googleapis.com\/generate_content_free_tier_requests, limit: 200\nPlease retry in 54.268756777s.","attempts":3,"api_url":"https:\/\/generativelanguage.googleapis.com\/v1beta\/models\/gemini-2.0-flash:generateContent"}
[2025-09-26 14:42:39] [ERROR] Hybrid response generation failed {"error":"API error (429): You exceeded your current quota, please check your plan and billing details. For more information on this error, head to: https:\/\/ai.google.dev\/gemini-api\/docs\/rate-limits.\n* Quota exceeded for metric: generativelanguage.googleapis.com\/generate_content_free_tier_requests, limit: 200\nPlease retry in 54.268756777s.","user_message":"show tour in can tho"}
[2025-09-26 14:42:39] [INFO] Conversation saved successfully {"userId":1,"title":"Sur In Can Tho..."}
[2025-09-26 14:42:39] [INFO] Message processed successfully {"processing_time_ms":5215.47,"confidence":0.64,"response_type":"fallback","layout_type":"default","items_returned":6}
[2025-09-26 14:42:39] [INFO] RAG Chatbot initialized successfully {"userId":1,"components":{"database":"connected","gemini":"initialized","hybrid_retriever":"ready","response_generator":"ready"}}
[2025-09-26 14:42:39] [INFO] Processing message {"message":"show tour in can tho","history_count":0}
[2025-09-26 14:42:39] [INFO] Starting hybrid retrieval {"query":"show tour in can tho","intent":"tour_search"}
[2025-09-26 14:42:40] [WARNING] No vectors found in database 
[2025-09-26 14:42:40] [INFO] Hybrid retrieval completed successfully {"total_results":6,"confidence":0.64,"retrieval_stats":{"semantic_results":0,"bm25_results":8,"sql_results":8,"final_results":6}}
[2025-09-26 14:42:41] [WARNING] Rate limit hit, retrying {"attempt":1,"delay":1}
[2025-09-26 14:42:42] [WARNING] Rate limit hit, retrying {"attempt":2,"delay":2}
[2025-09-26 14:42:45] [ERROR] API call failed after all retries {"error":"API error (429): You exceeded your current quota, please check your plan and billing details. For more information on this error, head to: https:\/\/ai.google.dev\/gemini-api\/docs\/rate-limits.\n* Quota exceeded for metric: generativelanguage.googleapis.com\/generate_content_free_tier_requests, limit: 200\nPlease retry in 48.921517901s.","attempts":3,"api_url":"https:\/\/generativelanguage.googleapis.com\/v1beta\/models\/gemini-2.0-flash:generateContent"}
[2025-09-26 14:42:45] [ERROR] Hybrid response generation failed {"error":"API error (429): You exceeded your current quota, please check your plan and billing details. For more information on this error, head to: https:\/\/ai.google.dev\/gemini-api\/docs\/rate-limits.\n* Quota exceeded for metric: generativelanguage.googleapis.com\/generate_content_free_tier_requests, limit: 200\nPlease retry in 48.921517901s.","user_message":"show tour in can tho"}
[2025-09-26 14:42:45] [INFO] Conversation saved successfully {"userId":1,"title":"Sur In Can Tho..."}
[2025-09-26 14:42:45] [INFO] Message processed successfully {"processing_time_ms":5326.07,"confidence":0.64,"response_type":"fallback","layout_type":"default","items_returned":6}
[2025-09-26 14:42:45] [INFO] RAG Chatbot initialized successfully {"userId":1,"components":{"database":"connected","gemini":"initialized","hybrid_retriever":"ready","response_generator":"ready"}}
[2025-09-26 14:42:45] [INFO] Processing message {"message":"show tour in can tho","history_count":0}
[2025-09-26 14:42:45] [INFO] Starting hybrid retrieval {"query":"show tour in can tho","intent":"tour_search"}
[2025-09-26 14:42:45] [WARNING] No vectors found in database 
[2025-09-26 14:42:45] [INFO] Hybrid retrieval completed successfully {"total_results":6,"confidence":0.64,"retrieval_stats":{"semantic_results":0,"bm25_results":8,"sql_results":8,"final_results":6}}
[2025-09-26 14:42:46] [WARNING] Rate limit hit, retrying {"attempt":1,"delay":1}
[2025-09-26 14:42:47] [WARNING] Rate limit hit, retrying {"attempt":2,"delay":2}
[2025-09-26 14:42:50] [ERROR] API call failed after all retries {"error":"API error (429): You exceeded your current quota, please check your plan and billing details. For more information on this error, head to: https:\/\/ai.google.dev\/gemini-api\/docs\/rate-limits.\n* Quota exceeded for metric: generativelanguage.googleapis.com\/generate_content_free_tier_requests, limit: 200\nPlease retry in 43.732742975s.","attempts":3,"api_url":"https:\/\/generativelanguage.googleapis.com\/v1beta\/models\/gemini-2.0-flash:generateContent"}
[2025-09-26 14:42:50] [ERROR] Hybrid response generation failed {"error":"API error (429): You exceeded your current quota, please check your plan and billing details. For more information on this error, head to: https:\/\/ai.google.dev\/gemini-api\/docs\/rate-limits.\n* Quota exceeded for metric: generativelanguage.googleapis.com\/generate_content_free_tier_requests, limit: 200\nPlease retry in 43.732742975s.","user_message":"show tour in can tho"}
[2025-09-26 14:42:50] [INFO] Conversation saved successfully {"userId":1,"title":"Sur In Can Tho..."}
[2025-09-26 14:42:50] [INFO] Message processed successfully {"processing_time_ms":5173.88,"confidence":0.64,"response_type":"fallback","layout_type":"default","items_returned":6}
[2025-09-26 14:42:50] [INFO] RAG Chatbot initialized successfully {"userId":1,"components":{"database":"connected","gemini":"initialized","hybrid_retriever":"ready","response_generator":"ready"}}
[2025-09-26 14:42:50] [INFO] Processing message {"message":"show tour in can tho","history_count":0}
[2025-09-26 14:42:50] [INFO] Starting hybrid retrieval {"query":"show tour in can tho","intent":"tour_search"}
[2025-09-26 14:42:51] [WARNING] No vectors found in database 
[2025-09-26 14:42:51] [INFO] Hybrid retrieval completed successfully {"total_results":6,"confidence":0.64,"retrieval_stats":{"semantic_results":0,"bm25_results":8,"sql_results":8,"final_results":6}}
[2025-09-26 14:42:51] [WARNING] Rate limit hit, retrying {"attempt":1,"delay":1}
[2025-09-26 14:42:53] [WARNING] Rate limit hit, retrying {"attempt":2,"delay":2}
[2025-09-26 14:42:55] [ERROR] API call failed after all retries {"error":"API error (429): You exceeded your current quota, please check your plan and billing details. For more information on this error, head to: https:\/\/ai.google.dev\/gemini-api\/docs\/rate-limits.\n* Quota exceeded for metric: generativelanguage.googleapis.com\/generate_content_free_tier_requests, limit: 200\nPlease retry in 38.554524003s.","attempts":3,"api_url":"https:\/\/generativelanguage.googleapis.com\/v1beta\/models\/gemini-2.0-flash:generateContent"}
[2025-09-26 14:42:55] [ERROR] Hybrid response generation failed {"error":"API error (429): You exceeded your current quota, please check your plan and billing details. For more information on this error, head to: https:\/\/ai.google.dev\/gemini-api\/docs\/rate-limits.\n* Quota exceeded for metric: generativelanguage.googleapis.com\/generate_content_free_tier_requests, limit: 200\nPlease retry in 38.554524003s.","user_message":"show tour in can tho"}
[2025-09-26 14:42:55] [INFO] Conversation saved successfully {"userId":1,"title":"Sur In Can Tho..."}
[2025-09-26 14:42:55] [INFO] Message processed successfully {"processing_time_ms":5162.8,"confidence":0.64,"response_type":"fallback","layout_type":"default","items_returned":6}
[2025-09-26 14:42:55] [INFO] RAG Chatbot initialized successfully {"userId":1,"components":{"database":"connected","gemini":"initialized","hybrid_retriever":"ready","response_generator":"ready"}}
[2025-09-26 14:42:55] [INFO] Processing message {"message":"show tour in can tho","history_count":0}
[2025-09-26 14:42:55] [INFO] Starting hybrid retrieval {"query":"show tour in can tho","intent":"tour_search"}
[2025-09-26 14:42:56] [WARNING] No vectors found in database 
[2025-09-26 14:42:56] [INFO] Hybrid retrieval completed successfully {"total_results":6,"confidence":0.64,"retrieval_stats":{"semantic_results":0,"bm25_results":8,"sql_results":8,"final_results":6}}
[2025-09-26 14:42:57] [WARNING] Rate limit hit, retrying {"attempt":1,"delay":1}
[2025-09-26 14:42:58] [WARNING] Rate limit hit, retrying {"attempt":2,"delay":2}
[2025-09-26 14:43:01] [ERROR] API call failed after all retries {"error":"API error (429): You exceeded your current quota, please check your plan and billing details. For more information on this error, head to: https:\/\/ai.google.dev\/gemini-api\/docs\/rate-limits.\n* Quota exceeded for metric: generativelanguage.googleapis.com\/generate_content_free_tier_requests, limit: 200\nPlease retry in 33.098157115s.","attempts":3,"api_url":"https:\/\/generativelanguage.googleapis.com\/v1beta\/models\/gemini-2.0-flash:generateContent"}
[2025-09-26 14:43:01] [ERROR] Hybrid response generation failed {"error":"API error (429): You exceeded your current quota, please check your plan and billing details. For more information on this error, head to: https:\/\/ai.google.dev\/gemini-api\/docs\/rate-limits.\n* Quota exceeded for metric: generativelanguage.googleapis.com\/generate_content_free_tier_requests, limit: 200\nPlease retry in 33.098157115s.","user_message":"show tour in can tho"}
[2025-09-26 14:43:01] [INFO] Conversation saved successfully {"userId":1,"title":"Sur In Can Tho..."}
[2025-09-26 14:43:01] [INFO] Message processed successfully {"processing_time_ms":5439.31,"confidence":0.64,"response_type":"fallback","layout_type":"default","items_returned":6}
[2025-09-26 14:43:01] [INFO] RAG Chatbot initialized successfully {"userId":1,"components":{"database":"connected","gemini":"initialized","hybrid_retriever":"ready","response_generator":"ready"}}
[2025-09-26 14:43:01] [INFO] Processing message {"message":"show tour in can tho","history_count":0}
[2025-09-26 14:43:01] [INFO] Starting hybrid retrieval {"query":"show tour in can tho","intent":"tour_search"}
[2025-09-26 14:43:01] [WARNING] No vectors found in database 
[2025-09-26 14:43:01] [INFO] Hybrid retrieval completed successfully {"total_results":6,"confidence":0.64,"retrieval_stats":{"semantic_results":0,"bm25_results":8,"sql_results":8,"final_results":6}}
[2025-09-26 14:43:02] [WARNING] Rate limit hit, retrying {"attempt":1,"delay":1}
[2025-09-26 14:43:03] [WARNING] Rate limit hit, retrying {"attempt":2,"delay":2}
[2025-09-26 14:43:06] [ERROR] API call failed after all retries {"error":"API error (429): You exceeded your current quota, please check your plan and billing details. For more information on this error, head to: https:\/\/ai.google.dev\/gemini-api\/docs\/rate-limits.\n* Quota exceeded for metric: generativelanguage.googleapis.com\/generate_content_free_tier_requests, limit: 200\nPlease retry in 27.961225973s.","attempts":3,"api_url":"https:\/\/generativelanguage.googleapis.com\/v1beta\/models\/gemini-2.0-flash:generateContent"}
[2025-09-26 14:43:06] [ERROR] Hybrid response generation failed {"error":"API error (429): You exceeded your current quota, please check your plan and billing details. For more information on this error, head to: https:\/\/ai.google.dev\/gemini-api\/docs\/rate-limits.\n* Quota exceeded for metric: generativelanguage.googleapis.com\/generate_content_free_tier_requests, limit: 200\nPlease retry in 27.961225973s.","user_message":"show tour in can tho"}
[2025-09-26 14:43:06] [INFO] Conversation saved successfully {"userId":1,"title":"Sur In Can Tho..."}
[2025-09-26 14:43:06] [INFO] Message processed successfully {"processing_time_ms":5110.93,"confidence":0.64,"response_type":"fallback","layout_type":"default","items_returned":6}
[2025-09-26 14:43:06] [INFO] RAG Chatbot initialized successfully {"userId":1,"components":{"database":"connected","gemini":"initialized","hybrid_retriever":"ready","response_generator":"ready"}}
[2025-09-26 14:43:06] [INFO] Processing message {"message":"show tour in can tho","history_count":0}
[2025-09-26 14:43:06] [INFO] Starting hybrid retrieval {"query":"show tour in can tho","intent":"tour_search"}
[2025-09-26 14:43:06] [WARNING] No vectors found in database 
[2025-09-26 14:43:06] [INFO] Hybrid retrieval completed successfully {"total_results":6,"confidence":0.64,"retrieval_stats":{"semantic_results":0,"bm25_results":8,"sql_results":8,"final_results":6}}
[2025-09-26 14:43:07] [WARNING] Rate limit hit, retrying {"attempt":1,"delay":1}
[2025-09-26 14:43:08] [WARNING] Rate limit hit, retrying {"attempt":2,"delay":2}
[2025-09-26 14:43:11] [ERROR] API call failed after all retries {"error":"API error (429): You exceeded your current quota, please check your plan and billing details. For more information on this error, head to: https:\/\/ai.google.dev\/gemini-api\/docs\/rate-limits.\n* Quota exceeded for metric: generativelanguage.googleapis.com\/generate_content_free_tier_requests, limit: 200\nPlease retry in 22.846923961s.","attempts":3,"api_url":"https:\/\/generativelanguage.googleapis.com\/v1beta\/models\/gemini-2.0-flash:generateContent"}
[2025-09-26 14:43:11] [ERROR] Hybrid response generation failed {"error":"API error (429): You exceeded your current quota, please check your plan and billing details. For more information on this error, head to: https:\/\/ai.google.dev\/gemini-api\/docs\/rate-limits.\n* Quota exceeded for metric: generativelanguage.googleapis.com\/generate_content_free_tier_requests, limit: 200\nPlease retry in 22.846923961s.","user_message":"show tour in can tho"}
[2025-09-26 14:43:11] [INFO] Conversation saved successfully {"userId":1,"title":"Sur In Can Tho..."}
[2025-09-26 14:43:11] [INFO] Message processed successfully {"processing_time_ms":5102.38,"confidence":0.64,"response_type":"fallback","layout_type":"default","items_returned":6}
[2025-09-26 14:43:11] [INFO] RAG Chatbot initialized successfully {"userId":1,"components":{"database":"connected","gemini":"initialized","hybrid_retriever":"ready","response_generator":"ready"}}
[2025-09-26 14:43:11] [INFO] Processing message {"message":"show tour in can tho","history_count":0}
[2025-09-26 14:43:11] [INFO] Starting hybrid retrieval {"query":"show tour in can tho","intent":"tour_search"}
[2025-09-26 14:43:12] [WARNING] No vectors found in database 
[2025-09-26 14:43:12] [INFO] Hybrid retrieval completed successfully {"total_results":6,"confidence":0.64,"retrieval_stats":{"semantic_results":0,"bm25_results":8,"sql_results":8,"final_results":6}}
[2025-09-26 14:43:12] [WARNING] Rate limit hit, retrying {"attempt":1,"delay":1}
[2025-09-26 14:43:14] [WARNING] Rate limit hit, retrying {"attempt":2,"delay":2}
[2025-09-26 14:43:16] [ERROR] API call failed after all retries {"error":"API error (429): You exceeded your current quota, please check your plan and billing details. For more information on this error, head to: https:\/\/ai.google.dev\/gemini-api\/docs\/rate-limits.\n* Quota exceeded for metric: generativelanguage.googleapis.com\/generate_content_free_tier_requests, limit: 200\nPlease retry in 17.690519151s.","attempts":3,"api_url":"https:\/\/generativelanguage.googleapis.com\/v1beta\/models\/gemini-2.0-flash:generateContent"}
[2025-09-26 14:43:16] [ERROR] Hybrid response generation failed {"error":"API error (429): You exceeded your current quota, please check your plan and billing details. For more information on this error, head to: https:\/\/ai.google.dev\/gemini-api\/docs\/rate-limits.\n* Quota exceeded for metric: generativelanguage.googleapis.com\/generate_content_free_tier_requests, limit: 200\nPlease retry in 17.690519151s.","user_message":"show tour in can tho"}
[2025-09-26 14:43:16] [INFO] Conversation saved successfully {"userId":1,"title":"Sur In Can Tho..."}
[2025-09-26 14:43:16] [INFO] Message processed successfully {"processing_time_ms":5150.61,"confidence":0.64,"response_type":"fallback","layout_type":"default","items_returned":6}
[2025-09-26 14:43:16] [INFO] RAG Chatbot initialized successfully {"userId":1,"components":{"database":"connected","gemini":"initialized","hybrid_retriever":"ready","response_generator":"ready"}}
[2025-09-26 14:43:16] [INFO] Processing message {"message":"show tour in can tho","history_count":0}
[2025-09-26 14:43:16] [INFO] Starting hybrid retrieval {"query":"show tour in can tho","intent":"tour_search"}
[2025-09-26 14:43:17] [WARNING] No vectors found in database 
[2025-09-26 14:43:17] [INFO] Hybrid retrieval completed successfully {"total_results":6,"confidence":0.64,"retrieval_stats":{"semantic_results":0,"bm25_results":8,"sql_results":8,"final_results":6}}
[2025-09-26 14:43:17] [WARNING] Rate limit hit, retrying {"attempt":1,"delay":1}
[2025-09-26 14:43:19] [WARNING] Rate limit hit, retrying {"attempt":2,"delay":2}
[2025-09-26 14:43:21] [ERROR] API call failed after all retries {"error":"API error (429): You exceeded your current quota, please check your plan and billing details. For more information on this error, head to: https:\/\/ai.google.dev\/gemini-api\/docs\/rate-limits.\n* Quota exceeded for metric: generativelanguage.googleapis.com\/generate_content_free_tier_requests, limit: 200\nPlease retry in 12.534737071s.","attempts":3,"api_url":"https:\/\/generativelanguage.googleapis.com\/v1beta\/models\/gemini-2.0-flash:generateContent"}
[2025-09-26 14:43:21] [ERROR] Hybrid response generation failed {"error":"API error (429): You exceeded your current quota, please check your plan and billing details. For more information on this error, head to: https:\/\/ai.google.dev\/gemini-api\/docs\/rate-limits.\n* Quota exceeded for metric: generativelanguage.googleapis.com\/generate_content_free_tier_requests, limit: 200\nPlease retry in 12.534737071s.","user_message":"show tour in can tho"}
[2025-09-26 14:43:21] [INFO] Conversation saved successfully {"userId":1,"title":"Sur In Can Tho..."}
[2025-09-26 14:43:21] [INFO] Message processed successfully {"processing_time_ms":5118.32,"confidence":0.64,"response_type":"fallback","layout_type":"default","items_returned":6}
[2025-09-26 14:43:21] [INFO] RAG Chatbot initialized successfully {"userId":1,"components":{"database":"connected","gemini":"initialized","hybrid_retriever":"ready","response_generator":"ready"}}
[2025-09-26 14:43:21] [INFO] Processing message {"message":"show tour in can tho","history_count":0}
[2025-09-26 14:43:21] [INFO] Starting hybrid retrieval {"query":"show tour in can tho","intent":"tour_search"}
[2025-09-26 14:43:22] [WARNING] No vectors found in database 
[2025-09-26 14:43:22] [INFO] Hybrid retrieval completed successfully {"total_results":6,"confidence":0.64,"retrieval_stats":{"semantic_results":0,"bm25_results":8,"sql_results":8,"final_results":6}}
[2025-09-26 14:43:22] [WARNING] Rate limit hit, retrying {"attempt":1,"delay":1}
[2025-09-26 14:43:24] [WARNING] Rate limit hit, retrying {"attempt":2,"delay":2}
[2025-09-26 14:43:26] [ERROR] API call failed after all retries {"error":"API error (429): You exceeded your current quota, please check your plan and billing details. For more information on this error, head to: https:\/\/ai.google.dev\/gemini-api\/docs\/rate-limits.\n* Quota exceeded for metric: generativelanguage.googleapis.com\/generate_content_free_tier_requests, limit: 200\nPlease retry in 7.389616537s.","attempts":3,"api_url":"https:\/\/generativelanguage.googleapis.com\/v1beta\/models\/gemini-2.0-flash:generateContent"}
[2025-09-26 14:43:26] [ERROR] Hybrid response generation failed {"error":"API error (429): You exceeded your current quota, please check your plan and billing details. For more information on this error, head to: https:\/\/ai.google.dev\/gemini-api\/docs\/rate-limits.\n* Quota exceeded for metric: generativelanguage.googleapis.com\/generate_content_free_tier_requests, limit: 200\nPlease retry in 7.389616537s.","user_message":"show tour in can tho"}
[2025-09-26 14:43:26] [INFO] Conversation saved successfully {"userId":1,"title":"Sur In Can Tho..."}
[2025-09-26 14:43:26] [INFO] Message processed successfully {"processing_time_ms":5118.31,"confidence":0.64,"response_type":"fallback","layout_type":"default","items_returned":6}
[2025-09-26 14:43:26] [INFO] RAG Chatbot initialized successfully {"userId":1,"components":{"database":"connected","gemini":"initialized","hybrid_retriever":"ready","response_generator":"ready"}}
[2025-09-26 14:43:26] [INFO] Processing message {"message":"show tour in can tho","history_count":0}
[2025-09-26 14:43:26] [INFO] Starting hybrid retrieval {"query":"show tour in can tho","intent":"tour_search"}
[2025-09-26 14:43:27] [WARNING] No vectors found in database 
[2025-09-26 14:43:27] [INFO] Hybrid retrieval completed successfully {"total_results":6,"confidence":0.64,"retrieval_stats":{"semantic_results":0,"bm25_results":8,"sql_results":8,"final_results":6}}
[2025-09-26 14:43:28] [WARNING] Rate limit hit, retrying {"attempt":1,"delay":1}
[2025-09-26 14:43:29] [WARNING] Rate limit hit, retrying {"attempt":2,"delay":2}
[2025-09-26 14:43:32] [ERROR] API call failed after all retries {"error":"API error (429): You exceeded your current quota, please check your plan and billing details. For more information on this error, head to: https:\/\/ai.google.dev\/gemini-api\/docs\/rate-limits.\n* Quota exceeded for metric: generativelanguage.googleapis.com\/generate_content_free_tier_requests, limit: 200\nPlease retry in 2.2167479s.","attempts":3,"api_url":"https:\/\/generativelanguage.googleapis.com\/v1beta\/models\/gemini-2.0-flash:generateContent"}
[2025-09-26 14:43:32] [ERROR] Hybrid response generation failed {"error":"API error (429): You exceeded your current quota, please check your plan and billing details. For more information on this error, head to: https:\/\/ai.google.dev\/gemini-api\/docs\/rate-limits.\n* Quota exceeded for metric: generativelanguage.googleapis.com\/generate_content_free_tier_requests, limit: 200\nPlease retry in 2.2167479s.","user_message":"show tour in can tho"}
[2025-09-26 14:43:32] [INFO] Conversation saved successfully {"userId":1,"title":"Sur In Can Tho..."}
[2025-09-26 14:43:32] [INFO] Message processed successfully {"processing_time_ms":5168.35,"confidence":0.64,"response_type":"fallback","layout_type":"default","items_returned":6}
[2025-09-26 14:43:32] [INFO] RAG Chatbot initialized successfully {"userId":1,"components":{"database":"connected","gemini":"initialized","hybrid_retriever":"ready","response_generator":"ready"}}
[2025-09-26 14:43:32] [INFO] Processing message {"message":"show tour in can tho","history_count":0}
[2025-09-26 14:43:32] [INFO] Starting hybrid retrieval {"query":"show tour in can tho","intent":"tour_search"}
[2025-09-26 14:43:32] [WARNING] No vectors found in database 
[2025-09-26 14:43:32] [INFO] Hybrid retrieval completed successfully {"total_results":6,"confidence":0.64,"retrieval_stats":{"semantic_results":0,"bm25_results":8,"sql_results":8,"final_results":6}}
[2025-09-26 14:43:33] [WARNING] Rate limit hit, retrying {"attempt":1,"delay":1}
[2025-09-26 14:43:34] [WARNING] Rate limit hit, retrying {"attempt":2,"delay":2}
[2025-09-26 14:43:37] [ERROR] API call failed after all retries {"error":"API error (429): You exceeded your current quota, please check your plan and billing details. For more information on this error, head to: https:\/\/ai.google.dev\/gemini-api\/docs\/rate-limits.\n* Quota exceeded for metric: generativelanguage.googleapis.com\/generate_content_free_tier_requests, limit: 200\nPlease retry in 56.961620124s.","attempts":3,"api_url":"https:\/\/generativelanguage.googleapis.com\/v1beta\/models\/gemini-2.0-flash:generateContent"}
[2025-09-26 14:43:37] [ERROR] Hybrid response generation failed {"error":"API error (429): You exceeded your current quota, please check your plan and billing details. For more information on this error, head to: https:\/\/ai.google.dev\/gemini-api\/docs\/rate-limits.\n* Quota exceeded for metric: generativelanguage.googleapis.com\/generate_content_free_tier_requests, limit: 200\nPlease retry in 56.961620124s.","user_message":"show tour in can tho"}
[2025-09-26 14:43:37] [INFO] Conversation saved successfully {"userId":1,"title":"Sur In Can Tho..."}
[2025-09-26 14:43:37] [INFO] Message processed successfully {"processing_time_ms":5237.46,"confidence":0.64,"response_type":"fallback","layout_type":"default","items_returned":6}
[2025-09-26 14:43:37] [INFO] RAG Chatbot initialized successfully {"userId":1,"components":{"database":"connected","gemini":"initialized","hybrid_retriever":"ready","response_generator":"ready"}}
[2025-09-26 14:43:37] [INFO] Processing message {"message":"show tour in can tho","history_count":0}
[2025-09-26 14:43:37] [INFO] Starting hybrid retrieval {"query":"show tour in can tho","intent":"tour_search"}
[2025-09-26 14:43:37] [WARNING] No vectors found in database 
[2025-09-26 14:43:37] [INFO] Hybrid retrieval completed successfully {"total_results":6,"confidence":0.64,"retrieval_stats":{"semantic_results":0,"bm25_results":8,"sql_results":8,"final_results":6}}
[2025-09-26 14:43:38] [WARNING] Rate limit hit, retrying {"attempt":1,"delay":1}
[2025-09-26 14:43:39] [WARNING] Rate limit hit, retrying {"attempt":2,"delay":2}
[2025-09-26 14:43:42] [ERROR] API call failed after all retries {"error":"API error (429): You exceeded your current quota, please check your plan and billing details. For more information on this error, head to: https:\/\/ai.google.dev\/gemini-api\/docs\/rate-limits.\n* Quota exceeded for metric: generativelanguage.googleapis.com\/generate_content_free_tier_requests, limit: 200\nPlease retry in 51.761571916s.","attempts":3,"api_url":"https:\/\/generativelanguage.googleapis.com\/v1beta\/models\/gemini-2.0-flash:generateContent"}
[2025-09-26 14:43:42] [ERROR] Hybrid response generation failed {"error":"API error (429): You exceeded your current quota, please check your plan and billing details. For more information on this error, head to: https:\/\/ai.google.dev\/gemini-api\/docs\/rate-limits.\n* Quota exceeded for metric: generativelanguage.googleapis.com\/generate_content_free_tier_requests, limit: 200\nPlease retry in 51.761571916s.","user_message":"show tour in can tho"}
[2025-09-26 14:43:42] [INFO] Conversation saved successfully {"userId":1,"title":"Sur In Can Tho..."}
[2025-09-26 14:43:42] [INFO] Message processed successfully {"processing_time_ms":5169.61,"confidence":0.64,"response_type":"fallback","layout_type":"default","items_returned":6}
[2025-09-26 14:44:32] [INFO] RAG Chatbot initialized successfully {"userId":1,"components":{"database":"connected","gemini":"initialized","hybrid_retriever":"ready","response_generator":"ready"}}
[2025-09-26 14:44:32] [INFO] Processing message {"message":"show tour in can tho","history_count":1}
[2025-09-26 14:44:32] [INFO] Starting hybrid retrieval {"query":"show tour in can tho","intent":"tour_search"}
[2025-09-26 14:44:33] [WARNING] No vectors found in database 
[2025-09-26 14:44:33] [INFO] Hybrid retrieval completed successfully {"total_results":6,"confidence":0.64,"retrieval_stats":{"semantic_results":0,"bm25_results":8,"sql_results":8,"final_results":6}}
[2025-09-26 14:44:34] [WARNING] Rate limit hit, retrying {"attempt":1,"delay":1}
[2025-09-26 14:44:35] [WARNING] Rate limit hit, retrying {"attempt":2,"delay":2}
[2025-09-26 14:44:38] [ERROR] API call failed after all retries {"error":"API error (429): You exceeded your current quota, please check your plan and billing details. For more information on this error, head to: https:\/\/ai.google.dev\/gemini-api\/docs\/rate-limits.\n* Quota exceeded for metric: generativelanguage.googleapis.com\/generate_content_free_tier_requests, limit: 200\nPlease retry in 55.483381158s.","attempts":3,"api_url":"https:\/\/generativelanguage.googleapis.com\/v1beta\/models\/gemini-2.0-flash:generateContent"}
[2025-09-26 14:44:38] [ERROR] Hybrid response generation failed {"error":"API error (429): You exceeded your current quota, please check your plan and billing details. For more information on this error, head to: https:\/\/ai.google.dev\/gemini-api\/docs\/rate-limits.\n* Quota exceeded for metric: generativelanguage.googleapis.com\/generate_content_free_tier_requests, limit: 200\nPlease retry in 55.483381158s.","user_message":"show tour in can tho"}
[2025-09-26 14:44:38] [INFO] Conversation saved successfully {"userId":1,"title":"Sur In Can Tho..."}
[2025-09-26 14:44:38] [INFO] Message processed successfully {"processing_time_ms":6258.38,"confidence":0.64,"response_type":"fallback","layout_type":"default","items_returned":6}
[2025-09-26 14:46:08] [INFO] RAG Chatbot initialized successfully {"userId":1,"components":{"database":"connected","gemini":"initialized","hybrid_retriever":"ready","response_generator":"ready"}}
[2025-09-26 14:46:08] [INFO] Processing message {"message":"show tour in phu yen","history_count":1}
[2025-09-26 14:46:08] [INFO] Starting hybrid retrieval {"query":"show tour in phu yen","intent":"tour_search"}
[2025-09-26 14:46:09] [WARNING] No vectors found in database 
[2025-09-26 14:46:09] [INFO] Hybrid retrieval completed successfully {"total_results":6,"confidence":0.64,"retrieval_stats":{"semantic_results":0,"bm25_results":8,"sql_results":8,"final_results":6}}
[2025-09-26 14:46:09] [WARNING] Rate limit hit, retrying {"attempt":1,"delay":1}
[2025-09-26 14:46:11] [WARNING] Rate limit hit, retrying {"attempt":2,"delay":2}
[2025-09-26 14:46:13] [ERROR] API call failed after all retries {"error":"API error (429): You exceeded your current quota, please check your plan and billing details. For more information on this error, head to: https:\/\/ai.google.dev\/gemini-api\/docs\/rate-limits.\n* Quota exceeded for metric: generativelanguage.googleapis.com\/generate_content_free_tier_requests, limit: 200\nPlease retry in 20.471897925s.","attempts":3,"api_url":"https:\/\/generativelanguage.googleapis.com\/v1beta\/models\/gemini-2.0-flash:generateContent"}
[2025-09-26 14:46:13] [ERROR] Hybrid response generation failed {"error":"API error (429): You exceeded your current quota, please check your plan and billing details. For more information on this error, head to: https:\/\/ai.google.dev\/gemini-api\/docs\/rate-limits.\n* Quota exceeded for metric: generativelanguage.googleapis.com\/generate_content_free_tier_requests, limit: 200\nPlease retry in 20.471897925s.","user_message":"show tour in phu yen"}
[2025-09-26 14:46:13] [INFO] Conversation saved successfully {"userId":1,"title":"Sur In Phu Yen..."}
[2025-09-26 14:46:13] [INFO] Message processed successfully {"processing_time_ms":5382.19,"confidence":0.64,"response_type":"fallback","layout_type":"default","items_returned":6}
[2025-09-26 14:54:42] [INFO] RAG Chatbot initialized successfully {"userId":1,"components":{"database":"connected","gemini":"initialized","hybrid_retriever":"ready","response_generator":"ready"}}
[2025-09-26 14:54:42] [INFO] Processing message {"message":"show tour in da lat","history_count":3}
[2025-09-26 14:54:42] [INFO] Starting hybrid retrieval {"query":"show tour in da lat","intent":"tour_search"}
[2025-09-26 14:54:43] [WARNING] No vectors found in database 
[2025-09-26 14:54:43] [INFO] Hybrid retrieval completed successfully {"total_results":6,"confidence":0.64,"retrieval_stats":{"semantic_results":0,"bm25_results":8,"sql_results":8,"final_results":6}}
[2025-09-26 14:54:44] [WARNING] Rate limit hit, retrying {"attempt":1,"delay":1}
[2025-09-26 14:54:45] [WARNING] Rate limit hit, retrying {"attempt":2,"delay":2}
[2025-09-26 14:54:48] [ERROR] API call failed after all retries {"error":"API error (429): You exceeded your current quota, please check your plan and billing details. For more information on this error, head to: https:\/\/ai.google.dev\/gemini-api\/docs\/rate-limits.\n* Quota exceeded for metric: generativelanguage.googleapis.com\/generate_content_free_tier_requests, limit: 200\nPlease retry in 45.663060675s.","attempts":3,"api_url":"https:\/\/generativelanguage.googleapis.com\/v1beta\/models\/gemini-2.0-flash:generateContent"}
[2025-09-26 14:54:48] [ERROR] Hybrid response generation failed {"error":"API error (429): You exceeded your current quota, please check your plan and billing details. For more information on this error, head to: https:\/\/ai.google.dev\/gemini-api\/docs\/rate-limits.\n* Quota exceeded for metric: generativelanguage.googleapis.com\/generate_content_free_tier_requests, limit: 200\nPlease retry in 45.663060675s.","user_message":"show tour in da lat"}
[2025-09-26 14:54:48] [INFO] Conversation saved successfully {"userId":1,"title":"Sur In Da Lat..."}
[2025-09-26 14:54:48] [INFO] Message processed successfully {"processing_time_ms":6300.83,"confidence":0.64,"response_type":"fallback","layout_type":"default","items_returned":6}
[2025-09-26 14:55:39] [INFO] RAG Chatbot initialized successfully {"userId":1,"components":{"database":"connected","gemini":"initialized","hybrid_retriever":"ready","response_generator":"ready"}}
[2025-09-26 14:55:39] [INFO] Processing message {"message":"show tour in da nang","history_count":5}
[2025-09-26 14:55:39] [INFO] Starting hybrid retrieval {"query":"show tour in da nang","intent":"tour_search"}
[2025-09-26 14:55:40] [WARNING] No vectors found in database 
[2025-09-26 14:55:40] [INFO] Hybrid retrieval completed successfully {"total_results":6,"confidence":0.64,"retrieval_stats":{"semantic_results":0,"bm25_results":8,"sql_results":8,"final_results":6}}
[2025-09-26 14:55:40] [WARNING] Rate limit hit, retrying {"attempt":1,"delay":1}
[2025-09-26 14:55:42] [WARNING] Rate limit hit, retrying {"attempt":2,"delay":2}
[2025-09-26 14:55:44] [ERROR] API call failed after all retries {"error":"API error (429): You exceeded your current quota, please check your plan and billing details. For more information on this error, head to: https:\/\/ai.google.dev\/gemini-api\/docs\/rate-limits.\n* Quota exceeded for metric: generativelanguage.googleapis.com\/generate_content_free_tier_requests, limit: 200\nPlease retry in 49.501456822s.","attempts":3,"api_url":"https:\/\/generativelanguage.googleapis.com\/v1beta\/models\/gemini-2.0-flash:generateContent"}
[2025-09-26 14:55:44] [ERROR] Hybrid response generation failed {"error":"API error (429): You exceeded your current quota, please check your plan and billing details. For more information on this error, head to: https:\/\/ai.google.dev\/gemini-api\/docs\/rate-limits.\n* Quota exceeded for metric: generativelanguage.googleapis.com\/generate_content_free_tier_requests, limit: 200\nPlease retry in 49.501456822s.","user_message":"show tour in da nang"}
[2025-09-26 14:55:44] [INFO] Conversation saved successfully {"userId":1,"title":"Sur In Da Nang..."}
[2025-09-26 14:55:44] [INFO] Message processed successfully {"processing_time_ms":5449.41,"confidence":0.64,"response_type":"fallback","layout_type":"default","items_returned":6}
[2025-09-26 15:00:27] [INFO] RAG Chatbot initialized successfully {"userId":1,"components":{"database":"connected","gemini":"initialized","hybrid_retriever":"ready","response_generator":"ready"}}
[2025-09-26 15:00:33] [INFO] RAG Chatbot initialized successfully {"userId":1,"components":{"database":"connected","gemini":"initialized","hybrid_retriever":"ready","response_generator":"ready"}}
[2025-09-26 15:00:33] [INFO] Processing message {"message":"show tour in tay bac","history_count":1}
[2025-09-26 15:00:33] [INFO] Starting hybrid retrieval {"query":"show tour in tay bac","intent":"tour_search"}
[2025-09-26 15:00:34] [WARNING] No vectors found in database 
[2025-09-26 15:00:34] [INFO] Hybrid retrieval completed successfully {"total_results":6,"confidence":0.64,"retrieval_stats":{"semantic_results":0,"bm25_results":8,"sql_results":8,"final_results":6}}
[2025-09-26 15:00:34] [WARNING] Rate limit hit, retrying {"attempt":1,"delay":1}
[2025-09-26 15:00:36] [WARNING] Rate limit hit, retrying {"attempt":2,"delay":2}
[2025-09-26 15:00:39] [ERROR] API call failed after all retries {"error":"API error (429): You exceeded your current quota, please check your plan and billing details. For more information on this error, head to: https:\/\/ai.google.dev\/gemini-api\/docs\/rate-limits.\n* Quota exceeded for metric: generativelanguage.googleapis.com\/generate_content_free_tier_requests, limit: 200\nPlease retry in 55.074574531s.","attempts":3,"api_url":"https:\/\/generativelanguage.googleapis.com\/v1beta\/models\/gemini-2.0-flash:generateContent"}
[2025-09-26 15:00:39] [ERROR] Hybrid response generation failed {"error":"API error (429): You exceeded your current quota, please check your plan and billing details. For more information on this error, head to: https:\/\/ai.google.dev\/gemini-api\/docs\/rate-limits.\n* Quota exceeded for metric: generativelanguage.googleapis.com\/generate_content_free_tier_requests, limit: 200\nPlease retry in 55.074574531s.","user_message":"show tour in tay bac"}
[2025-09-26 15:00:39] [INFO] Conversation saved successfully {"userId":1,"title":"Sur In Tay Bac..."}
[2025-09-26 15:00:39] [INFO] Message processed successfully {"processing_time_ms":5515.24,"confidence":0.64,"response_type":"fallback","layout_type":"default","items_returned":6}
[2025-09-26 15:01:13] [INFO] RAG Chatbot initialized successfully {"userId":1,"components":{"database":"connected","gemini":"initialized","hybrid_retriever":"ready","response_generator":"ready"}}
[2025-09-26 15:01:13] [INFO] Processing message {"message":"hello","history_count":1}
[2025-09-26 15:01:20] [INFO] RAG Chatbot initialized successfully {"userId":1,"components":{"database":"connected","gemini":"initialized","hybrid_retriever":"ready","response_generator":"ready"}}
[2025-09-26 15:01:20] [INFO] Processing message {"message":"show tour in tay bac","history_count":3}
[2025-09-26 15:01:20] [INFO] Starting hybrid retrieval {"query":"show tour in tay bac","intent":"tour_search"}
[2025-09-26 15:01:21] [WARNING] No vectors found in database 
[2025-09-26 15:01:21] [INFO] Hybrid retrieval completed successfully {"total_results":6,"confidence":0.64,"retrieval_stats":{"semantic_results":0,"bm25_results":8,"sql_results":8,"final_results":6}}
[2025-09-26 15:01:22] [WARNING] Rate limit hit, retrying {"attempt":1,"delay":1}
[2025-09-26 15:01:24] [WARNING] Rate limit hit, retrying {"attempt":2,"delay":2}
[2025-09-26 15:01:26] [ERROR] API call failed after all retries {"error":"API error (429): You exceeded your current quota, please check your plan and billing details. For more information on this error, head to: https:\/\/ai.google.dev\/gemini-api\/docs\/rate-limits.\n* Quota exceeded for metric: generativelanguage.googleapis.com\/generate_content_free_tier_requests, limit: 200\nPlease retry in 7.391414291s.","attempts":3,"api_url":"https:\/\/generativelanguage.googleapis.com\/v1beta\/models\/gemini-2.0-flash:generateContent"}
[2025-09-26 15:01:26] [ERROR] Hybrid response generation failed {"error":"API error (429): You exceeded your current quota, please check your plan and billing details. For more information on this error, head to: https:\/\/ai.google.dev\/gemini-api\/docs\/rate-limits.\n* Quota exceeded for metric: generativelanguage.googleapis.com\/generate_content_free_tier_requests, limit: 200\nPlease retry in 7.391414291s.","user_message":"show tour in tay bac"}
[2025-09-26 15:01:26] [INFO] Conversation saved successfully {"userId":1,"title":"Sur In Tay Bac..."}
[2025-09-26 15:01:26] [INFO] Message processed successfully {"processing_time_ms":6166.7,"confidence":0.64,"response_type":"fallback","layout_type":"default","items_returned":6}
[2025-09-26 15:01:46] [INFO] RAG Chatbot initialized successfully {"userId":1,"components":{"database":"connected","gemini":"initialized","hybrid_retriever":"ready","response_generator":"ready"}}
[2025-09-26 15:01:46] [INFO] Processing message {"message":"show tour in Nha Trang","history_count":3}
[2025-09-26 15:01:46] [INFO] Starting hybrid retrieval {"query":"show tour in Nha Trang","intent":"tour_search"}
[2025-09-26 15:01:47] [WARNING] No vectors found in database 
[2025-09-26 15:01:47] [INFO] Hybrid retrieval completed successfully {"total_results":6,"confidence":0.64,"retrieval_stats":{"semantic_results":0,"bm25_results":8,"sql_results":8,"final_results":6}}
[2025-09-26 15:01:48] [WARNING] Rate limit hit, retrying {"attempt":1,"delay":1}
[2025-09-26 15:01:49] [WARNING] Rate limit hit, retrying {"attempt":2,"delay":2}
[2025-09-26 15:01:52] [ERROR] API call failed after all retries {"error":"API error (429): You exceeded your current quota, please check your plan and billing details. For more information on this error, head to: https:\/\/ai.google.dev\/gemini-api\/docs\/rate-limits.\n* Quota exceeded for metric: generativelanguage.googleapis.com\/generate_content_free_tier_requests, limit: 200\nPlease retry in 41.54570838s.","attempts":3,"api_url":"https:\/\/generativelanguage.googleapis.com\/v1beta\/models\/gemini-2.0-flash:generateContent"}
[2025-09-26 15:01:52] [ERROR] Hybrid response generation failed {"error":"API error (429): You exceeded your current quota, please check your plan and billing details. For more information on this error, head to: https:\/\/ai.google.dev\/gemini-api\/docs\/rate-limits.\n* Quota exceeded for metric: generativelanguage.googleapis.com\/generate_content_free_tier_requests, limit: 200\nPlease retry in 41.54570838s.","user_message":"show tour in Nha Trang"}
[2025-09-26 15:01:52] [INFO] Conversation saved successfully {"userId":1,"title":"Sur In Nha Trang..."}
[2025-09-26 15:01:52] [INFO] Message processed successfully {"processing_time_ms":5775.26,"confidence":0.64,"response_type":"fallback","layout_type":"default","items_returned":6}
[2025-09-26 15:02:06] [INFO] RAG Chatbot initialized successfully {"userId":1,"components":{"database":"connected","gemini":"initialized","hybrid_retriever":"ready","response_generator":"ready"}}
[2025-09-26 15:02:06] [INFO] Processing message {"message":"show hotel in can tho","history_count":3}
[2025-09-26 15:02:06] [INFO] Starting hybrid retrieval {"query":"show hotel in can tho","intent":"hotel_search"}
[2025-09-26 15:02:07] [WARNING] No vectors found in database 
[2025-09-26 15:02:07] [INFO] Hybrid retrieval completed successfully {"total_results":6,"confidence":0.7000000000000001,"retrieval_stats":{"semantic_results":0,"bm25_results":10,"sql_results":10,"final_results":6}}
[2025-09-26 15:02:08] [WARNING] Rate limit hit, retrying {"attempt":1,"delay":1}
[2025-09-26 15:02:09] [WARNING] Rate limit hit, retrying {"attempt":2,"delay":2}
[2025-09-26 15:02:12] [ERROR] API call failed after all retries {"error":"API error (429): You exceeded your current quota, please check your plan and billing details. For more information on this error, head to: https:\/\/ai.google.dev\/gemini-api\/docs\/rate-limits.\n* Quota exceeded for metric: generativelanguage.googleapis.com\/generate_content_free_tier_requests, limit: 200\nPlease retry in 21.713498079s.","attempts":3,"api_url":"https:\/\/generativelanguage.googleapis.com\/v1beta\/models\/gemini-2.0-flash:generateContent"}
[2025-09-26 15:02:12] [ERROR] Hybrid response generation failed {"error":"API error (429): You exceeded your current quota, please check your plan and billing details. For more information on this error, head to: https:\/\/ai.google.dev\/gemini-api\/docs\/rate-limits.\n* Quota exceeded for metric: generativelanguage.googleapis.com\/generate_content_free_tier_requests, limit: 200\nPlease retry in 21.713498079s.","user_message":"show hotel in can tho"}
[2025-09-26 15:02:12] [INFO] Conversation saved successfully {"userId":1,"title":"Show Hotel In Can Tho"}
[2025-09-26 15:02:12] [INFO] Message processed successfully {"processing_time_ms":5750.76,"confidence":0.7000000000000001,"response_type":"fallback","layout_type":"default","items_returned":6}
[2025-09-26 15:27:39] [INFO] RAG Chatbot initialized successfully {"userId":1,"components":{"database":"connected","gemini":"initialized","hybrid_retriever":"ready","response_generator":"ready"}}
[2025-09-26 15:27:39] [INFO] Processing message {"message":"hello","history_count":1}
[2025-09-26 15:27:44] [INFO] RAG Chatbot initialized successfully {"userId":1,"components":{"database":"connected","gemini":"initialized","hybrid_retriever":"ready","response_generator":"ready"}}
[2025-09-26 15:27:44] [INFO] Processing message {"message":"show tour in ha giang","history_count":3}
[2025-09-26 15:27:44] [INFO] Starting hybrid retrieval {"query":"show tour in ha giang","intent":"tour_search"}
[2025-09-26 15:27:44] [WARNING] No vectors found in database 
[2025-09-26 15:27:44] [INFO] Hybrid retrieval completed successfully {"total_results":6,"confidence":0.64,"retrieval_stats":{"semantic_results":0,"bm25_results":8,"sql_results":8,"final_results":6}}
[2025-09-26 15:27:45] [WARNING] Rate limit hit, retrying {"attempt":1,"delay":1}
[2025-09-26 15:27:47] [WARNING] Rate limit hit, retrying {"attempt":2,"delay":2}
[2025-09-26 15:27:49] [ERROR] API call failed after all retries {"error":"API error (429): You exceeded your current quota, please check your plan and billing details. For more information on this error, head to: https:\/\/ai.google.dev\/gemini-api\/docs\/rate-limits.\n* Quota exceeded for metric: generativelanguage.googleapis.com\/generate_content_free_tier_requests, limit: 200\nPlease retry in 44.491768373s.","attempts":3,"api_url":"https:\/\/generativelanguage.googleapis.com\/v1beta\/models\/gemini-2.0-flash:generateContent"}
[2025-09-26 15:27:49] [ERROR] Hybrid response generation failed {"error":"API error (429): You exceeded your current quota, please check your plan and billing details. For more information on this error, head to: https:\/\/ai.google.dev\/gemini-api\/docs\/rate-limits.\n* Quota exceeded for metric: generativelanguage.googleapis.com\/generate_content_free_tier_requests, limit: 200\nPlease retry in 44.491768373s.","user_message":"show tour in ha giang"}
[2025-09-26 15:27:49] [INFO] Conversation saved successfully {"userId":1,"title":"Sur In Ha Giang..."}
[2025-09-26 15:27:49] [INFO] Message processed successfully {"processing_time_ms":5504.89,"confidence":0.64,"response_type":"fallback","layout_type":"default","items_returned":6}
[2025-09-26 15:42:41] [INFO] RAG Chatbot initialized successfully {"userId":1,"components":{"database":"connected","gemini":"initialized","hybrid_retriever":"ready","response_generator":"ready"}}
[2025-09-26 15:42:41] [INFO] Processing message {"message":"show tour in tay bac","history_count":1}
[2025-09-26 15:42:41] [INFO] Starting hybrid retrieval {"query":"show tour in tay bac","intent":"tour_search"}
[2025-09-26 15:42:42] [WARNING] No vectors found in database 
[2025-09-26 15:42:42] [INFO] Hybrid retrieval completed successfully {"total_results":6,"confidence":0.64,"retrieval_stats":{"semantic_results":0,"bm25_results":8,"sql_results":8,"final_results":6}}
[2025-09-26 15:42:43] [ERROR] Gemini API error {"error":"HTTP error: 429"}
[2025-09-26 15:42:43] [INFO] Hybrid response generated successfully {"response_type":"tour_search","layout_type":"single_tours","confidence":0.64,"display_items":6}
[2025-09-26 15:42:43] [INFO] Conversation saved successfully {"userId":1,"title":"Sur In Tay Bac..."}
[2025-09-26 15:42:43] [INFO] Message processed successfully {"processing_time_ms":1073.15,"confidence":0.64,"response_type":"tour_search","layout_type":"single_tours","items_returned":6}
[2025-09-26 15:43:07] [INFO] RAG Chatbot initialized successfully {"userId":1,"components":{"database":"connected","gemini":"initialized","hybrid_retriever":"ready","response_generator":"ready"}}
[2025-09-26 15:43:07] [INFO] Processing message {"message":"Find hotels with good ratings","history_count":3}
[2025-09-26 15:43:07] [INFO] Starting hybrid retrieval {"query":"Find hotels with good ratings","intent":"hotel_search"}
[2025-09-26 15:43:07] [WARNING] No vectors found in database 
[2025-09-26 15:43:07] [INFO] Hybrid retrieval completed successfully {"total_results":7,"confidence":0.55,"retrieval_stats":{"semantic_results":0,"bm25_results":0,"sql_results":15,"final_results":7}}
[2025-09-26 15:43:07] [ERROR] Gemini API error {"error":"HTTP error: 429"}
[2025-09-26 15:43:07] [INFO] Hybrid response generated successfully {"response_type":"hotel_search","layout_type":"single_hotels","confidence":0.55,"display_items":7}
[2025-09-26 15:43:07] [INFO] Conversation saved successfully {"userId":1,"title":"Find Hotels With Good Ratings"}
[2025-09-26 15:43:07] [INFO] Message processed successfully {"processing_time_ms":925.65,"confidence":0.55,"response_type":"hotel_search","layout_type":"single_hotels","items_returned":7}
[2025-09-26 15:53:46] [INFO] RAG Chatbot initialized successfully {"userId":1,"components":{"database":"connected","gemini":"initialized","hybrid_retriever":"ready","response_generator":"ready"}}
[2025-09-26 15:53:46] [INFO] Processing message {"message":"tour in Da Nang","history_count":5}
[2025-09-26 15:53:46] [INFO] Starting hybrid retrieval {"query":"tour in Da Nang","intent":"tour_search"}
[2025-09-26 15:53:47] [WARNING] No vectors found in database 
[2025-09-26 15:53:47] [INFO] Hybrid retrieval completed successfully {"total_results":6,"confidence":0.64,"retrieval_stats":{"semantic_results":0,"bm25_results":8,"sql_results":8,"final_results":6}}
[2025-09-26 15:53:48] [ERROR] Gemini API error {"error":"HTTP error: 429"}
[2025-09-26 15:53:48] [INFO] Hybrid response generated successfully {"response_type":"tour_search","layout_type":"single_tours","confidence":0.64,"display_items":6}
[2025-09-26 15:53:48] [INFO] Conversation saved successfully {"userId":1,"title":"Tour In Da Nang"}
[2025-09-26 15:53:48] [INFO] Message processed successfully {"processing_time_ms":1944.96,"confidence":0.64,"response_type":"tour_search","layout_type":"single_tours","items_returned":6}
[2025-09-27 01:40:18] [INFO] RAG Chatbot initialized successfully {"userId":1,"components":{"database":"connected","gemini":"initialized","hybrid_retriever":"ready","response_generator":"ready"}}
[2025-09-27 01:40:18] [INFO] Processing message {"message":"show tour in ha giang","history_count":1}
[2025-09-27 01:40:18] [INFO] Starting hybrid retrieval {"query":"show tour in ha giang","intent":"tour_search"}
[2025-09-27 01:40:18] [WARNING] No vectors found in database 
[2025-09-27 01:40:19] [INFO] Hybrid retrieval completed successfully {"total_results":6,"confidence":0.64,"retrieval_stats":{"semantic_results":0,"bm25_results":8,"sql_results":8,"final_results":6}}
[2025-09-27 01:40:19] [ERROR] Gemini API error {"error":"HTTP error: 429"}
[2025-09-27 01:40:19] [INFO] Hybrid response generated successfully {"response_type":"tour_search","layout_type":"single_tours","confidence":0.64,"display_items":6}
[2025-09-27 01:40:19] [INFO] Conversation saved successfully {"userId":1,"title":"Sur In Ha Giang..."}
[2025-09-27 01:40:19] [INFO] Message processed successfully {"processing_time_ms":1268.72,"confidence":0.64,"response_type":"tour_search","layout_type":"single_tours","items_returned":6}
[2025-09-27 01:46:20] [INFO] RAG Chatbot initialized successfully {"userId":1,"components":{"database":"connected","gemini":"initialized","hybrid_retriever":"ready","response_generator":"ready"}}
[2025-09-27 01:46:20] [INFO] Processing message {"message":"tour in can tho","history_count":1}
[2025-09-27 01:46:20] [INFO] Starting hybrid retrieval {"query":"tour in can tho","intent":"tour_search"}
[2025-09-27 01:46:21] [WARNING] No vectors found in database 
[2025-09-27 01:46:21] [INFO] Hybrid retrieval completed successfully {"total_results":6,"confidence":0.64,"retrieval_stats":{"semantic_results":0,"bm25_results":8,"sql_results":8,"final_results":6}}
[2025-09-27 01:46:25] [INFO] Hybrid response generated successfully {"response_type":"tour_search","layout_type":"single_tours","confidence":0.64,"display_items":6}
[2025-09-27 01:46:25] [INFO] Conversation saved successfully {"userId":1,"title":"Tour In Can Tho"}
[2025-09-27 01:46:25] [INFO] Message processed successfully {"processing_time_ms":4884.53,"confidence":0.64,"response_type":"tour_search","layout_type":"single_tours","items_returned":6}
[2025-09-27 01:50:56] [INFO] RAG Chatbot initialized successfully {"userId":1,"components":{"database":"connected","gemini":"initialized","hybrid_retriever":"ready","response_generator":"ready"}}
[2025-09-27 01:50:56] [INFO] Processing message {"message":"tour in tay bac","history_count":3}
[2025-09-27 01:50:56] [INFO] Starting hybrid retrieval {"query":"tour in tay bac","intent":"tour_search"}
[2025-09-27 01:50:56] [WARNING] No vectors found in database 
[2025-09-27 01:50:56] [INFO] Hybrid retrieval completed successfully {"total_results":6,"confidence":0.64,"retrieval_stats":{"semantic_results":0,"bm25_results":8,"sql_results":8,"final_results":6}}
[2025-09-27 01:50:58] [ERROR] Gemini API error {"error":"HTTP error: 429"}
[2025-09-27 01:50:58] [INFO] Hybrid response generated successfully {"response_type":"tour_search","layout_type":"single_tours","confidence":0.64,"display_items":6}
[2025-09-27 01:50:58] [INFO] Conversation saved successfully {"userId":1,"title":"Tour In Tay Bac"}
[2025-09-27 01:50:58] [INFO] Message processed successfully {"processing_time_ms":2031.51,"confidence":0.64,"response_type":"tour_search","layout_type":"single_tours","items_returned":6}
[2025-09-27 01:53:05] [INFO] RAG Chatbot initialized successfully {"userId":1,"components":{"database":"connected","gemini":"initialized","hybrid_retriever":"ready","response_generator":"ready"}}
[2025-09-27 01:53:05] [INFO] Processing message {"message":"tour in da lat","history_count":5}
[2025-09-27 01:53:05] [INFO] Starting hybrid retrieval {"query":"tour in da lat","intent":"tour_search"}
[2025-09-27 01:53:05] [ERROR] Embedding generation failed {"error":"HTTP error: 503"}
[2025-09-27 01:53:05] [WARNING] Failed to generate query embedding 
[2025-09-27 01:53:05] [INFO] Hybrid retrieval completed successfully {"total_results":6,"confidence":0.64,"retrieval_stats":{"semantic_results":0,"bm25_results":8,"sql_results":8,"final_results":6}}
[2025-09-27 01:53:42] [INFO] RAG Chatbot initialized successfully {"userId":1,"components":{"database":"connected","gemini":"initialized","hybrid_retriever":"ready","response_generator":"ready"}}
[2025-09-27 01:53:42] [INFO] Processing message {"message":"tour nha trang","history_count":1}
[2025-09-27 01:53:42] [INFO] Starting hybrid retrieval {"query":"tour nha trang","intent":"tour_search"}
[2025-09-27 01:53:43] [WARNING] No vectors found in database 
[2025-09-27 01:53:43] [INFO] Hybrid retrieval completed successfully {"total_results":6,"confidence":0.64,"retrieval_stats":{"semantic_results":0,"bm25_results":8,"sql_results":8,"final_results":6}}
[2025-09-27 01:53:43] [ERROR] Gemini API error {"error":"HTTP error: 429"}
[2025-09-27 01:53:43] [INFO] Hybrid response generated successfully {"response_type":"tour_search","layout_type":"single_tours","confidence":0.64,"display_items":6}
[2025-09-27 01:53:43] [INFO] Conversation saved successfully {"userId":1,"title":"Tour Nha Trang"}
[2025-09-27 01:53:43] [INFO] Message processed successfully {"processing_time_ms":1010.42,"confidence":0.64,"response_type":"tour_search","layout_type":"single_tours","items_returned":6}
[2025-09-27 01:56:50] [INFO] RAG Chatbot initialized successfully {"userId":1,"components":{"database":"connected","gemini":"initialized","hybrid_retriever":"ready","response_generator":"ready"}}
[2025-09-27 01:56:50] [INFO] Processing message {"message":"tour in can tho","history_count":3}
[2025-09-27 01:56:50] [INFO] Starting hybrid retrieval {"query":"tour in can tho","intent":"tour_search"}
[2025-09-27 01:56:51] [WARNING] No vectors found in database 
[2025-09-27 01:56:51] [INFO] Hybrid retrieval completed successfully {"total_results":6,"confidence":0.64,"retrieval_stats":{"semantic_results":0,"bm25_results":8,"sql_results":8,"final_results":6}}
[2025-09-27 01:57:25] [INFO] RAG Chatbot initialized successfully {"userId":1,"components":{"database":"connected","gemini":"initialized","hybrid_retriever":"ready","response_generator":"ready"}}
[2025-09-27 01:57:25] [INFO] Processing message {"message":"show tour in ha noi","history_count":4}
[2025-09-27 01:57:25] [INFO] Starting hybrid retrieval {"query":"show tour in ha noi","intent":"tour_search"}
[2025-09-27 01:57:25] [WARNING] No vectors found in database 
[2025-09-27 01:57:25] [INFO] Hybrid retrieval completed successfully {"total_results":6,"confidence":0.64,"retrieval_stats":{"semantic_results":0,"bm25_results":8,"sql_results":8,"final_results":6}}
[2025-09-27 01:57:26] [ERROR] Gemini API error {"error":"HTTP error: 429"}
[2025-09-27 01:57:26] [INFO] Hybrid response generated successfully {"response_type":"tour_search","layout_type":"single_tours","confidence":0.64,"display_items":6}
[2025-09-27 01:57:26] [INFO] Conversation saved successfully {"userId":1,"title":"Sur In Ha Noi..."}
[2025-09-27 01:57:26] [INFO] Message processed successfully {"processing_time_ms":1006,"confidence":0.64,"response_type":"tour_search","layout_type":"single_tours","items_returned":6}
[2025-09-27 02:12:54] [INFO] RAG Chatbot initialized successfully {"userId":1,"components":{"database":"connected","gemini":"initialized","hybrid_retriever":"ready","response_generator":"ready"}}
[2025-09-27 02:12:54] [INFO] Processing message {"message":"tour phu yen","history_count":5}
[2025-09-27 02:12:54] [INFO] Starting hybrid retrieval {"query":"tour phu yen","intent":"tour_search"}
[2025-09-27 02:12:56] [WARNING] No vectors found in database 
[2025-09-27 02:12:56] [INFO] Hybrid retrieval completed successfully {"total_results":6,"confidence":0.64,"retrieval_stats":{"semantic_results":0,"bm25_results":8,"sql_results":8,"final_results":6}}
[2025-09-27 02:12:56] [ERROR] Gemini API error {"error":"HTTP error: 429"}
[2025-09-27 02:12:56] [INFO] Hybrid response generated successfully {"response_type":"tour_search","layout_type":"single_tours","confidence":0.64,"display_items":6}
[2025-09-27 02:12:56] [INFO] Conversation saved successfully {"userId":1,"title":"Tour Phu Yen"}
[2025-09-27 02:12:56] [INFO] Message processed successfully {"processing_time_ms":2037.37,"confidence":0.64,"response_type":"tour_search","layout_type":"single_tours","items_returned":6}
[2025-09-27 02:13:06] [INFO] RAG Chatbot initialized successfully {"userId":1,"components":{"database":"connected","gemini":"initialized","hybrid_retriever":"ready","response_generator":"ready"}}
[2025-09-27 02:13:06] [INFO] Processing message {"message":"tour phu quoc","history_count":1}
[2025-09-27 02:13:06] [INFO] Starting hybrid retrieval {"query":"tour phu quoc","intent":"tour_search"}
[2025-09-27 02:13:07] [WARNING] No vectors found in database 
[2025-09-27 02:13:07] [INFO] Hybrid retrieval completed successfully {"total_results":6,"confidence":0.64,"retrieval_stats":{"semantic_results":0,"bm25_results":8,"sql_results":8,"final_results":6}}
[2025-09-27 02:13:07] [ERROR] Gemini API error {"error":"HTTP error: 429"}
[2025-09-27 02:13:07] [INFO] Hybrid response generated successfully {"response_type":"tour_search","layout_type":"single_tours","confidence":0.64,"display_items":6}
[2025-09-27 02:13:07] [INFO] Conversation saved successfully {"userId":1,"title":"Tour Phu Quoc"}
[2025-09-27 02:13:07] [INFO] Message processed successfully {"processing_time_ms":940.74,"confidence":0.64,"response_type":"tour_search","layout_type":"single_tours","items_returned":6}
[2025-09-27 02:15:45] [INFO] RAG Chatbot initialized successfully {"userId":1,"components":{"database":"connected","gemini":"initialized","hybrid_retriever":"ready","response_generator":"ready"}}
[2025-09-27 02:15:45] [INFO] Processing message {"message":"show tour in Da Nang","history_count":3}
[2025-09-27 02:15:45] [INFO] Starting hybrid retrieval {"query":"show tour in Da Nang","intent":"tour_search"}
[2025-09-27 02:15:45] [INFO] makeApiRequest called {"url":"https:\/\/generativelanguage.googleapis.com\/v1beta\/models\/text-embedding-004:embedContent","data_size":92,"api_key_length":39}
[2025-09-27 02:15:46] [INFO] cURL response {"http_code":200,"curl_error":"","response_length":14891,"response_preview":"{\n  \"embedding\": {\n    \"values\": [\n      0.02117516,\n      -0.010562001,\n      -0.026054034,\n      -0.022121934,\n      0.031844944,\n      -0.039319355,\n      -0.00097019755,\n      -0.081819385,\n      0.0074041816,\n      0.030394988,\n      0.010739025,\n      0.0044589336,\n      0.06238564,\n      0.00"}
[2025-09-27 02:15:46] [WARNING] No vectors found in database 
[2025-09-27 02:15:46] [INFO] Hybrid retrieval completed successfully {"total_results":6,"confidence":0.64,"retrieval_stats":{"semantic_results":0,"bm25_results":8,"sql_results":8,"final_results":6}}
[2025-09-27 02:15:46] [INFO] generateVietnameseResponse called {"userMessage":"show tour in Da Nang","context":"# Available Travel Information\n\n## Available Tours:\n- **Da Nang - Hue Royal Elegance Tour: Hai Van Pass - Imperial Citadel - Perfume River Dinner Cruise** (City: Da Nang)\n  Duration: 2 days | Price: 9","metadata":{"match_level":"hybrid_match","confidence":0.64}}
[2025-09-27 02:15:46] [INFO] Built prompt {"prompt_length":3528,"prompt_preview":"You are a helpful Vietnam travel assistant. Based on the available travel information, provide a natural, conversational response to the user's query.\r\n\r\n---BEGIN AVAILABLE DATA---\r\n# Available Travel Information\n\n## Available Tours:\n- **Da Nang - Hue Royal Elegance Tour: Hai Van Pass - Imperial Citadel - Perfume River Dinner Cruise** (City: Da Nang)\n  Duration: 2 days | Price: 9,500,000 VND\n  Found via: bm25, sql (Score: 0.58)\n\n- **Da Nang - Hoi An Heritage Journey: Ancient Town Lanterns - Thu "}
[2025-09-27 02:15:46] [INFO] Making API request {"url":"https:\/\/generativelanguage.googleapis.com\/v1beta\/models\/gemini-2.0-flash:generateContent","request_data_size":3758}
[2025-09-27 02:15:46] [INFO] makeApiRequest called {"url":"https:\/\/generativelanguage.googleapis.com\/v1beta\/models\/gemini-2.0-flash:generateContent","data_size":3758,"api_key_length":39}
[2025-09-27 02:15:46] [INFO] cURL response {"http_code":429,"curl_error":"","response_length":1272,"response_preview":"{\n  \"error\": {\n    \"code\": 429,\n    \"message\": \"You exceeded your current quota, please check your plan and billing details. For more information on this error, head to: https:\/\/ai.google.dev\/gemini-api\/docs\/rate-limits.\\n* Quota exceeded for metric: generativelanguage.googleapis.com\/generate_conten"}
[2025-09-27 02:15:46] [ERROR] HTTP error details {"http_code":429,"response_body":"{\n  \"error\": {\n    \"code\": 429,\n    \"message\": \"You exceeded your current quota, please check your plan and billing details. For more information on this error, head to: https:\/\/ai.google.dev\/gemini-api\/docs\/rate-limits.\\n* Quota exceeded for metric: generativelanguage.googleapis.com\/generate_content_free_tier_requests, limit: 200\\nPlease retry in 48.058789169s.\",\n    \"status\": \"RESOURCE_EXHAUSTED\",\n    \"details\": [\n      {\n        \"@type\": \"type.googleapis.com\/google.rpc.QuotaFailure\",\n        \"violations\": [\n          {\n            \"quotaMetric\": \"generativelanguage.googleapis.com\/generate_content_free_tier_requests\",\n            \"quotaId\": \"GenerateRequestsPerDayPerProjectPerModel-FreeTier\",\n            \"quotaDimensions\": {\n              \"location\": \"global\",\n              \"model\": \"gemini-2.0-flash\"\n            },\n            \"quotaValue\": \"200\"\n          }\n        ]\n      },\n      {\n        \"@type\": \"type.googleapis.com\/google.rpc.Help\",\n        \"links\": [\n          {\n            \"description\": \"Learn more about Gemini API quotas\",\n            \"url\": \"https:\/\/ai.google.dev\/gemini-api\/docs\/rate-limits\"\n          }\n        ]\n      },\n      {\n        \"@type\": \"type.googleapis.com\/google.rpc.RetryInfo\",\n        \"retryDelay\": \"48s\"\n      }\n    ]\n  }\n}\n"}
[2025-09-27 02:15:46] [ERROR] Gemini API error - DETAILED {"error_message":"HTTP error: 429","error_trace":"#0 C:\\Users\\ADMIN\\Downloads\\Web_Application\\AI\\GeminiService.php(59): GeminiService->makeApiRequest('https:\/\/generat...', Array)\n#1 C:\\Users\\ADMIN\\Downloads\\Web_Application\\AI\\ResponseGenerator.php(40): GeminiService->generateVietnameseResponse('show tour in Da...', '# Available Tra...', Array, Array)\n#2 C:\\Users\\ADMIN\\Downloads\\Web_Application\\AI\\OptimizedRAGTravelChatbot.php(133): ResponseGenerator->generateHybridResponse('show tour in Da...', Array, Array)\n#3 C:\\Users\\ADMIN\\Downloads\\Web_Application\\AI\\rag_chatbot_backend_refactored.php(77): OptimizedRAGTravelChatbot->processMessage('show tour in Da...', Array)\n#4 C:\\Users\\ADMIN\\Downloads\\Web_Application\\AI\\rag_chatbot_backend_refactored.php(48): handlePostRequest(Object(OptimizedRAGTravelChatbot))\n#5 {main}","user_message":"show tour in Da Nang","context_length":1205}
[2025-09-27 02:15:46] [INFO] Hybrid response generated successfully {"response_type":"tour_search","layout_type":"single_tours","confidence":0.64,"display_items":6}
[2025-09-27 02:15:46] [INFO] Conversation saved successfully {"userId":1,"title":"Sur In Da Nang..."}
[2025-09-27 02:15:46] [INFO] Message processed successfully {"processing_time_ms":1023.15,"confidence":0.64,"response_type":"tour_search","layout_type":"single_tours","items_returned":6}
[2025-09-27 02:15:57] [INFO] RAG Chatbot initialized successfully {"userId":1,"components":{"database":"connected","gemini":"initialized","hybrid_retriever":"ready","response_generator":"ready"}}
[2025-09-27 02:15:57] [INFO] Processing message {"message":"show tour in Hue","history_count":1}
[2025-09-27 02:15:57] [INFO] Starting hybrid retrieval {"query":"show tour in Hue","intent":"tour_search"}
[2025-09-27 02:15:57] [INFO] makeApiRequest called {"url":"https:\/\/generativelanguage.googleapis.com\/v1beta\/models\/text-embedding-004:embedContent","data_size":88,"api_key_length":39}
[2025-09-27 02:15:58] [INFO] cURL response {"http_code":200,"curl_error":"","response_length":14926,"response_preview":"{\n  \"embedding\": {\n    \"values\": [\n      -0.010679694,\n      -0.015907742,\n      0.0008489545,\n      -0.035537064,\n      0.0543722,\n      -0.077086136,\n      -0.013902752,\n      -0.06709159,\n      -0.0032524392,\n      -0.019984195,\n      -0.030211326,\n      0.0137005625,\n      0.04625513,\n      0.03"}
[2025-09-27 02:15:58] [WARNING] No vectors found in database 
[2025-09-27 02:15:58] [INFO] Hybrid retrieval completed successfully {"total_results":6,"confidence":0.64,"retrieval_stats":{"semantic_results":0,"bm25_results":8,"sql_results":8,"final_results":6}}
[2025-09-27 02:15:58] [INFO] generateVietnameseResponse called {"userMessage":"show tour in Hue","context":"# Available Travel Information\n\n## Available Tours:\n- **Hue Relax & Scenic Escape: Perfume River Sunset - Thuan An Beach - Night Market** (City: Hue)\n  Duration: 3 days | Price: 4,990,000 VND\n  Found ","metadata":{"match_level":"hybrid_match","confidence":0.64}}
[2025-09-27 02:15:58] [INFO] Built prompt {"prompt_length":3328,"prompt_preview":"You are a helpful Vietnam travel assistant. Based on the available travel information, provide a natural, conversational response to the user's query.\r\n\r\n---BEGIN AVAILABLE DATA---\r\n# Available Travel Information\n\n## Available Tours:\n- **Hue Relax & Scenic Escape: Perfume River Sunset - Thuan An Beach - Night Market** (City: Hue)\n  Duration: 3 days | Price: 4,990,000 VND\n  Found via: bm25, sql (Score: 0.45)\n\n- **Hue Royal Cuisine & Culture** (City: Hue)\n  Duration: 2 days | Price: 5,690,000 VND\n"}
[2025-09-27 02:15:58] [INFO] Making API request {"url":"https:\/\/generativelanguage.googleapis.com\/v1beta\/models\/gemini-2.0-flash:generateContent","request_data_size":3558}
[2025-09-27 02:15:58] [INFO] makeApiRequest called {"url":"https:\/\/generativelanguage.googleapis.com\/v1beta\/models\/gemini-2.0-flash:generateContent","data_size":3558,"api_key_length":39}
[2025-09-27 02:15:58] [INFO] cURL response {"http_code":429,"curl_error":"","response_length":1272,"response_preview":"{\n  \"error\": {\n    \"code\": 429,\n    \"message\": \"You exceeded your current quota, please check your plan and billing details. For more information on this error, head to: https:\/\/ai.google.dev\/gemini-api\/docs\/rate-limits.\\n* Quota exceeded for metric: generativelanguage.googleapis.com\/generate_conten"}
[2025-09-27 02:15:58] [ERROR] HTTP error details {"http_code":429,"response_body":"{\n  \"error\": {\n    \"code\": 429,\n    \"message\": \"You exceeded your current quota, please check your plan and billing details. For more information on this error, head to: https:\/\/ai.google.dev\/gemini-api\/docs\/rate-limits.\\n* Quota exceeded for metric: generativelanguage.googleapis.com\/generate_content_free_tier_requests, limit: 200\\nPlease retry in 36.106257694s.\",\n    \"status\": \"RESOURCE_EXHAUSTED\",\n    \"details\": [\n      {\n        \"@type\": \"type.googleapis.com\/google.rpc.QuotaFailure\",\n        \"violations\": [\n          {\n            \"quotaMetric\": \"generativelanguage.googleapis.com\/generate_content_free_tier_requests\",\n            \"quotaId\": \"GenerateRequestsPerDayPerProjectPerModel-FreeTier\",\n            \"quotaDimensions\": {\n              \"model\": \"gemini-2.0-flash\",\n              \"location\": \"global\"\n            },\n            \"quotaValue\": \"200\"\n          }\n        ]\n      },\n      {\n        \"@type\": \"type.googleapis.com\/google.rpc.Help\",\n        \"links\": [\n          {\n            \"description\": \"Learn more about Gemini API quotas\",\n            \"url\": \"https:\/\/ai.google.dev\/gemini-api\/docs\/rate-limits\"\n          }\n        ]\n      },\n      {\n        \"@type\": \"type.googleapis.com\/google.rpc.RetryInfo\",\n        \"retryDelay\": \"36s\"\n      }\n    ]\n  }\n}\n"}
[2025-09-27 02:15:58] [ERROR] Gemini API error - DETAILED {"error_message":"HTTP error: 429","error_trace":"#0 C:\\Users\\ADMIN\\Downloads\\Web_Application\\AI\\GeminiService.php(59): GeminiService->makeApiRequest('https:\/\/generat...', Array)\n#1 C:\\Users\\ADMIN\\Downloads\\Web_Application\\AI\\ResponseGenerator.php(40): GeminiService->generateVietnameseResponse('show tour in Hu...', '# Available Tra...', Array, Array)\n#2 C:\\Users\\ADMIN\\Downloads\\Web_Application\\AI\\OptimizedRAGTravelChatbot.php(133): ResponseGenerator->generateHybridResponse('show tour in Hu...', Array, Array)\n#3 C:\\Users\\ADMIN\\Downloads\\Web_Application\\AI\\rag_chatbot_backend_refactored.php(77): OptimizedRAGTravelChatbot->processMessage('show tour in Hu...', Array)\n#4 C:\\Users\\ADMIN\\Downloads\\Web_Application\\AI\\rag_chatbot_backend_refactored.php(48): handlePostRequest(Object(OptimizedRAGTravelChatbot))\n#5 {main}","user_message":"show tour in Hue","context_length":1009}
[2025-09-27 02:15:58] [INFO] Hybrid response generated successfully {"response_type":"tour_search","layout_type":"single_tours","confidence":0.64,"display_items":6}
[2025-09-27 02:15:58] [INFO] Conversation saved successfully {"userId":1,"title":"Sur In Hue..."}
[2025-09-27 02:15:58] [INFO] Message processed successfully {"processing_time_ms":1021.96,"confidence":0.64,"response_type":"tour_search","layout_type":"single_tours","items_returned":6}
[2025-09-27 02:25:35] [INFO] RAG Chatbot initialized successfully {"userId":1,"components":{"database":"connected","gemini":"initialized","hybrid_retriever":"ready","response_generator":"ready"}}
[2025-09-27 02:25:35] [INFO] Processing message {"message":"tour in ha noi","history_count":3}
[2025-09-27 02:25:35] [INFO] Starting hybrid retrieval {"query":"tour in ha noi","intent":"tour_search"}
[2025-09-27 02:25:36] [WARNING] No vectors found in database 
[2025-09-27 02:25:36] [INFO] Hybrid retrieval completed successfully {"total_results":6,"confidence":0.64,"retrieval_stats":{"semantic_results":0,"bm25_results":8,"sql_results":8,"final_results":6}}
[2025-09-27 02:25:36] [INFO] generateVietnameseResponse called {"userMessage":"tour in ha noi","context":"# Available Travel Information\n\n## Available Tours:\n- **Hanoi Heritage & Street Food Tour** (City: Ha Noi)\n  Duration: 3 days | Price: 4,800,000 VND\n  Found via: bm25, sql (Score: 0.65)\n\n- **Hanoi - H","metadata":{"match_level":"hybrid_match","confidence":0.64}}
[2025-09-27 02:25:36] [INFO] Built prompt {"prompt_length":4156,"prompt_preview":"You are a helpful Vietnam travel assistant. Based on the available travel information, provide a natural, conversational response to the user's query.\r\n\r\n---BEGIN AVAILABLE DATA---\r\n# Available Travel Information\n\n## Available Tours:\n- **Hanoi Heritage & Street Food Tour** (City: Ha Noi)\n  Duration: 3 days | Price: 4,800,000 VND\n  Found via: bm25, sql (Score: 0.65)\n\n- **Hanoi - Halong Luxury Cruise Escape** (City: Ha Noi)\n  Duration: 4 days | Price: 8,900,000 VND\n  Found via: bm25, sql (Score: 0"}
[2025-09-27 02:25:36] [INFO] Making API request {"url":"https:\/\/generativelanguage.googleapis.com\/v1beta\/models\/gemini-2.0-flash:generateContent","request_data_size":4467}
[2025-09-27 02:25:36] [ERROR] Gemini API error - DETAILED {"error_message":"HTTP error: 429","error_trace":"#0 C:\\Users\\ADMIN\\Downloads\\Web_Application\\AI\\GeminiService.php(59): GeminiService->makeApiRequest('https:\/\/generat...', Array)\n#1 C:\\Users\\ADMIN\\Downloads\\Web_Application\\AI\\ResponseGenerator.php(40): GeminiService->generateVietnameseResponse('tour in ha noi', '# Available Tra...', Array, Array)\n#2 C:\\Users\\ADMIN\\Downloads\\Web_Application\\AI\\OptimizedRAGTravelChatbot.php(133): ResponseGenerator->generateHybridResponse('tour in ha noi', Array, Array)\n#3 C:\\Users\\ADMIN\\Downloads\\Web_Application\\AI\\rag_chatbot_backend_refactored.php(77): OptimizedRAGTravelChatbot->processMessage('tour in ha noi', Array)\n#4 C:\\Users\\ADMIN\\Downloads\\Web_Application\\AI\\rag_chatbot_backend_refactored.php(48): handlePostRequest(Object(OptimizedRAGTravelChatbot))\n#5 {main}","user_message":"tour in ha noi","context_length":973}
[2025-09-27 02:25:36] [INFO] Hybrid response generated successfully {"response_type":"tour_search","layout_type":"single_tours","confidence":0.64,"display_items":6}
[2025-09-27 02:25:36] [INFO] Conversation saved successfully {"userId":1,"title":"Tour In Ha Noi"}
[2025-09-27 02:25:36] [INFO] Message processed successfully {"processing_time_ms":961.74,"confidence":0.64,"response_type":"tour_search","layout_type":"single_tours","items_returned":6}
[2025-09-27 02:25:44] [INFO] RAG Chatbot initialized successfully {"userId":1,"components":{"database":"connected","gemini":"initialized","hybrid_retriever":"ready","response_generator":"ready"}}
[2025-09-27 02:25:44] [INFO] Processing message {"message":"tour in ha giang","history_count":1}
[2025-09-27 02:25:44] [INFO] Starting hybrid retrieval {"query":"tour in ha giang","intent":"tour_search"}
[2025-09-27 02:25:45] [WARNING] No vectors found in database 
[2025-09-27 02:25:45] [INFO] Hybrid retrieval completed successfully {"total_results":6,"confidence":0.64,"retrieval_stats":{"semantic_results":0,"bm25_results":8,"sql_results":8,"final_results":6}}
[2025-09-27 02:25:45] [INFO] generateVietnameseResponse called {"userMessage":"tour in ha giang","context":"# Available Travel Information\n\n## Available Tours:\n- **Ha Giang Trekking Expedition: Rice Terraces - Hidden Villages - Mountain Valleys** (City: Ha Giang)\n  Duration: 4 days | Price: 9,400,000 VND\n  ","metadata":{"match_level":"hybrid_match","confidence":0.64}}
[2025-09-27 02:25:45] [INFO] Built prompt {"prompt_length":4437,"prompt_preview":"You are a helpful Vietnam travel assistant. Based on the available travel information, provide a natural, conversational response to the user's query.\r\n\r\n---BEGIN AVAILABLE DATA---\r\n# Available Travel Information\n\n## Available Tours:\n- **Ha Giang Trekking Expedition: Rice Terraces - Hidden Villages - Mountain Valleys** (City: Ha Giang)\n  Duration: 4 days | Price: 9,400,000 VND\n  Found via: bm25, sql (Score: 0.65)\n\n- **Ha Giang Cultural Discovery: Local Markets - Homestay Experience - Ethnic Vill"}
[2025-09-27 02:25:45] [INFO] Making API request {"url":"https:\/\/generativelanguage.googleapis.com\/v1beta\/models\/gemini-2.0-flash:generateContent","request_data_size":4748}
[2025-09-27 02:25:45] [ERROR] Gemini API error - DETAILED {"error_message":"HTTP error: 429","error_trace":"#0 C:\\Users\\ADMIN\\Downloads\\Web_Application\\AI\\GeminiService.php(59): GeminiService->makeApiRequest('https:\/\/generat...', Array)\n#1 C:\\Users\\ADMIN\\Downloads\\Web_Application\\AI\\ResponseGenerator.php(40): GeminiService->generateVietnameseResponse('tour in ha gian...', '# Available Tra...', Array, Array)\n#2 C:\\Users\\ADMIN\\Downloads\\Web_Application\\AI\\OptimizedRAGTravelChatbot.php(133): ResponseGenerator->generateHybridResponse('tour in ha gian...', Array, Array)\n#3 C:\\Users\\ADMIN\\Downloads\\Web_Application\\AI\\rag_chatbot_backend_refactored.php(77): OptimizedRAGTravelChatbot->processMessage('tour in ha gian...', Array)\n#4 C:\\Users\\ADMIN\\Downloads\\Web_Application\\AI\\rag_chatbot_backend_refactored.php(48): handlePostRequest(Object(OptimizedRAGTravelChatbot))\n#5 {main}","user_message":"tour in ha giang","context_length":1252}
[2025-09-27 02:25:45] [INFO] Hybrid response generated successfully {"response_type":"tour_search","layout_type":"single_tours","confidence":0.64,"display_items":6}
[2025-09-27 02:25:45] [INFO] Conversation saved successfully {"userId":1,"title":"Tour In Ha Giang"}
[2025-09-27 02:25:45] [INFO] Message processed successfully {"processing_time_ms":945.37,"confidence":0.64,"response_type":"tour_search","layout_type":"single_tours","items_returned":6}
[2025-09-27 02:25:49] [INFO] RAG Chatbot initialized successfully {"userId":1,"components":{"database":"connected","gemini":"initialized","hybrid_retriever":"ready","response_generator":"ready"}}
[2025-09-27 02:25:49] [INFO] Processing message {"message":"tour in hue","history_count":3}
[2025-09-27 02:25:49] [INFO] Starting hybrid retrieval {"query":"tour in hue","intent":"tour_search"}
[2025-09-27 02:25:49] [WARNING] No vectors found in database 
[2025-09-27 02:25:49] [INFO] Hybrid retrieval completed successfully {"total_results":6,"confidence":0.64,"retrieval_stats":{"semantic_results":0,"bm25_results":8,"sql_results":8,"final_results":6}}
[2025-09-27 02:25:49] [INFO] generateVietnameseResponse called {"userMessage":"tour in hue","context":"# Available Travel Information\n\n## Available Tours:\n- **Hue Relax & Scenic Escape: Perfume River Sunset - Thuan An Beach - Night Market** (City: Hue)\n  Duration: 3 days | Price: 4,990,000 VND\n  Found ","metadata":{"match_level":"hybrid_match","confidence":0.64}}
[2025-09-27 02:25:49] [INFO] Built prompt {"prompt_length":4189,"prompt_preview":"You are a helpful Vietnam travel assistant. Based on the available travel information, provide a natural, conversational response to the user's query.\r\n\r\n---BEGIN AVAILABLE DATA---\r\n# Available Travel Information\n\n## Available Tours:\n- **Hue Relax & Scenic Escape: Perfume River Sunset - Thuan An Beach - Night Market** (City: Hue)\n  Duration: 3 days | Price: 4,990,000 VND\n  Found via: bm25, sql (Score: 0.45)\n\n- **Hue Royal Cuisine & Culture** (City: Hue)\n  Duration: 2 days | Price: 5,690,000 VND\n"}
[2025-09-27 02:25:49] [INFO] Making API request {"url":"https:\/\/generativelanguage.googleapis.com\/v1beta\/models\/gemini-2.0-flash:generateContent","request_data_size":4500}
[2025-09-27 02:25:50] [ERROR] Gemini API error - DETAILED {"error_message":"HTTP error: 429","error_trace":"#0 C:\\Users\\ADMIN\\Downloads\\Web_Application\\AI\\GeminiService.php(59): GeminiService->makeApiRequest('https:\/\/generat...', Array)\n#1 C:\\Users\\ADMIN\\Downloads\\Web_Application\\AI\\ResponseGenerator.php(40): GeminiService->generateVietnameseResponse('tour in hue', '# Available Tra...', Array, Array)\n#2 C:\\Users\\ADMIN\\Downloads\\Web_Application\\AI\\OptimizedRAGTravelChatbot.php(133): ResponseGenerator->generateHybridResponse('tour in hue', Array, Array)\n#3 C:\\Users\\ADMIN\\Downloads\\Web_Application\\AI\\rag_chatbot_backend_refactored.php(77): OptimizedRAGTravelChatbot->processMessage('tour in hue', Array)\n#4 C:\\Users\\ADMIN\\Downloads\\Web_Application\\AI\\rag_chatbot_backend_refactored.php(48): handlePostRequest(Object(OptimizedRAGTravelChatbot))\n#5 {main}","user_message":"tour in hue","context_length":1009}
[2025-09-27 02:25:50] [INFO] Hybrid response generated successfully {"response_type":"tour_search","layout_type":"single_tours","confidence":0.64,"display_items":6}
[2025-09-27 02:25:50] [INFO] Conversation saved successfully {"userId":1,"title":"Tour In Hue"}
[2025-09-27 02:25:50] [INFO] Message processed successfully {"processing_time_ms":1008.93,"confidence":0.64,"response_type":"tour_search","layout_type":"single_tours","items_returned":6}
[2025-09-27 02:29:18] [INFO] RAG Chatbot initialized successfully {"userId":1,"components":{"database":"connected","gemini":"initialized","hybrid_retriever":"ready","response_generator":"ready"}}
[2025-09-27 02:29:18] [INFO] Processing message {"message":"tour tay bac","history_count":5}
[2025-09-27 02:29:18] [INFO] Starting hybrid retrieval {"query":"tour tay bac","intent":"tour_search"}
[2025-09-27 02:29:22] [ERROR] Embedding generation failed {"error":"HTTP error: 503"}
[2025-09-27 02:29:22] [WARNING] Failed to generate query embedding 
[2025-09-27 02:29:22] [INFO] Hybrid retrieval completed successfully {"total_results":6,"confidence":0.64,"retrieval_stats":{"semantic_results":0,"bm25_results":8,"sql_results":8,"final_results":6}}
[2025-09-27 02:29:22] [INFO] generateVietnameseResponse called {"userMessage":"tour tay bac","context":"# Available Travel Information\n\n## Available Tours:\n- **Tay Bac Ethnic Culture: Local Markets - Homestay Experience** (City: Tay Bac)\n  Duration: 4 days | Price: 7,199,000 VND\n  Found via: bm25, sql (","metadata":{"match_level":"hybrid_match","confidence":0.64,"city":"Tay Bac"}}
[2025-09-27 02:29:22] [INFO] Built prompt {"prompt_length":4112,"prompt_preview":"You are a helpful Vietnam travel assistant. Based on the available travel information, provide a natural, conversational response to the user's query.\r\n\r\n---BEGIN AVAILABLE DATA---\r\n# Available Travel Information\n\n## Available Tours:\n- **Tay Bac Ethnic Culture: Local Markets - Homestay Experience** (City: Tay Bac)\n  Duration: 4 days | Price: 7,199,000 VND\n  Found via: bm25, sql (Score: 0.65)\n\n- **Mu Cang Chai Rice Terraces Photography Tour** (City: Tay Bac)\n  Duration: 3 days | Price: 6,890,000 "}
[2025-09-27 02:29:22] [INFO] Making API request {"url":"https:\/\/generativelanguage.googleapis.com\/v1beta\/models\/gemini-2.0-flash:generateContent","request_data_size":4423}
[2025-09-27 02:29:25] [ERROR] Gemini API error - DETAILED {"error_message":"HTTP error: 503","error_trace":"#0 C:\\Users\\ADMIN\\Downloads\\Web_Application\\AI\\GeminiService.php(59): GeminiService->makeApiRequest('https:\/\/generat...', Array)\n#1 C:\\Users\\ADMIN\\Downloads\\Web_Application\\AI\\ResponseGenerator.php(40): GeminiService->generateVietnameseResponse('tour tay bac', '# Available Tra...', Array, Array)\n#2 C:\\Users\\ADMIN\\Downloads\\Web_Application\\AI\\OptimizedRAGTravelChatbot.php(133): ResponseGenerator->generateHybridResponse('tour tay bac', Array, Array)\n#3 C:\\Users\\ADMIN\\Downloads\\Web_Application\\AI\\rag_chatbot_backend_refactored.php(77): OptimizedRAGTravelChatbot->processMessage('tour tay bac', Array)\n#4 C:\\Users\\ADMIN\\Downloads\\Web_Application\\AI\\rag_chatbot_backend_refactored.php(48): handlePostRequest(Object(OptimizedRAGTravelChatbot))\n#5 {main}","user_message":"tour tay bac","context_length":986}
[2025-09-27 02:29:25] [INFO] Hybrid response generated successfully {"response_type":"tour_search","layout_type":"single_tours","confidence":0.64,"display_items":6}
[2025-09-27 02:29:25] [INFO] Conversation saved successfully {"userId":1,"title":"Tour Tay Bac"}
[2025-09-27 02:29:25] [INFO] Message processed successfully {"processing_time_ms":7673.93,"confidence":0.64,"response_type":"tour_search","layout_type":"single_tours","items_returned":6}
[2025-09-27 02:29:37] [INFO] RAG Chatbot initialized successfully {"userId":1,"components":{"database":"connected","gemini":"initialized","hybrid_retriever":"ready","response_generator":"ready"}}
[2025-09-27 02:29:37] [INFO] Processing message {"message":"show ha noi","history_count":1}
[2025-09-27 02:29:37] [INFO] Starting hybrid retrieval {"query":"show ha noi","intent":"general"}
[2025-09-27 02:29:37] [WARNING] No vectors found in database 
[2025-09-27 02:29:37] [INFO] Hybrid retrieval completed successfully {"total_results":6,"confidence":0.67,"retrieval_stats":{"semantic_results":0,"bm25_results":13,"sql_results":8,"final_results":6}}
[2025-09-27 02:29:37] [INFO] generateVietnameseResponse called {"userMessage":"show ha noi","context":"# Available Travel Information\n\n## Available Tours:\n- **Hanoi Heritage & Street Food Tour** (City: Ha Noi)\n  Duration: 3 days | Price: 4,800,000 VND\n  Found via: bm25, sql (Score: 0.65)\n\n- **Hanoi - H","metadata":{"match_level":"hybrid_match","confidence":0.67,"city":"Ha Noi"}}
[2025-09-27 02:29:37] [INFO] Built prompt {"prompt_length":4093,"prompt_preview":"You are a helpful Vietnam travel assistant. Based on the available travel information, provide a natural, conversational response to the user's query.\r\n\r\n---BEGIN AVAILABLE DATA---\r\n# Available Travel Information\n\n## Available Tours:\n- **Hanoi Heritage & Street Food Tour** (City: Ha Noi)\n  Duration: 3 days | Price: 4,800,000 VND\n  Found via: bm25, sql (Score: 0.65)\n\n- **Hanoi - Halong Luxury Cruise Escape** (City: Ha Noi)\n  Duration: 4 days | Price: 8,900,000 VND\n  Found via: bm25, sql (Score: 0"}
[2025-09-27 02:29:37] [INFO] Making API request {"url":"https:\/\/generativelanguage.googleapis.com\/v1beta\/models\/gemini-2.0-flash:generateContent","request_data_size":4404}
[2025-09-27 02:29:38] [ERROR] Gemini API error - DETAILED {"error_message":"HTTP error: 429","error_trace":"#0 C:\\Users\\ADMIN\\Downloads\\Web_Application\\AI\\GeminiService.php(59): GeminiService->makeApiRequest('https:\/\/generat...', Array)\n#1 C:\\Users\\ADMIN\\Downloads\\Web_Application\\AI\\ResponseGenerator.php(40): GeminiService->generateVietnameseResponse('show ha noi', '# Available Tra...', Array, Array)\n#2 C:\\Users\\ADMIN\\Downloads\\Web_Application\\AI\\OptimizedRAGTravelChatbot.php(133): ResponseGenerator->generateHybridResponse('show ha noi', Array, Array)\n#3 C:\\Users\\ADMIN\\Downloads\\Web_Application\\AI\\rag_chatbot_backend_refactored.php(77): OptimizedRAGTravelChatbot->processMessage('show ha noi', Array)\n#4 C:\\Users\\ADMIN\\Downloads\\Web_Application\\AI\\rag_chatbot_backend_refactored.php(48): handlePostRequest(Object(OptimizedRAGTravelChatbot))\n#5 {main}","user_message":"show ha noi","context_length":973}
[2025-09-27 02:29:38] [INFO] Hybrid response generated successfully {"response_type":"tour_search","layout_type":"single_tours","confidence":0.67,"display_items":6}
[2025-09-27 02:29:38] [INFO] Conversation saved successfully {"userId":1,"title":"Show Ha Noi"}
[2025-09-27 02:29:38] [INFO] Message processed successfully {"processing_time_ms":1149.25,"confidence":0.67,"response_type":"tour_search","layout_type":"single_tours","items_returned":6}
[2025-09-27 02:36:59] [INFO] RAG Chatbot initialized successfully {"userId":1,"components":{"database":"connected","gemini":"initialized","hybrid_retriever":"ready","response_generator":"ready"}}
[2025-09-27 02:36:59] [INFO] Processing message {"message":"tour in tay bac","history_count":1}
[2025-09-27 02:36:59] [INFO] Starting hybrid retrieval {"query":"tour in tay bac","intent":"tour_search"}
[2025-09-27 02:37:00] [WARNING] No vectors found in database 
[2025-09-27 02:37:00] [INFO] Hybrid retrieval completed successfully {"total_results":6,"confidence":0.64,"retrieval_stats":{"semantic_results":0,"bm25_results":8,"sql_results":8,"final_results":6}}
[2025-09-27 02:37:00] [INFO] generateVietnameseResponse called {"userMessage":"tour in tay bac","context":"# Available Travel Information\n\n## Available Tours:\n- **Tay Bac Ethnic Culture: Local Markets - Homestay Experience** (City: Tay Bac)\n  Duration: 4 days | Price: 7,199,000 VND\n  Found via: bm25, sql (","metadata":{"match_level":"hybrid_match","confidence":0.64}}
[2025-09-27 02:37:00] [INFO] Built prompt {"prompt_length":2043,"prompt_preview":"You are a helpful Vietnam travel assistant. Your primary goal is to provide accurate information based STRICTLY on the data provided.\r\n\r\nPrevious conversation:\nUser: tour in tay bac\n\r\n\r\n---BEGIN AVAILABLE DATA---\r\n# Available Travel Information\n\n## Available Tours:\n- **Tay Bac Ethnic Culture: Local Markets - Homestay Experience** (City: Tay Bac)\n  Duration: 4 days | Price: 7,199,000 VND\n  Found via: bm25, sql (Score: 0.65)\n\n- **Mu Cang Chai Rice Terraces Photography Tour** (City: Tay Bac)\n  Dura"}
[2025-09-27 02:37:00] [INFO] Making API request {"url":"https:\/\/generativelanguage.googleapis.com\/v1beta\/models\/gemini-2.0-flash:generateContent","request_data_size":2228}
[2025-09-27 02:37:02] [INFO] Gemini API response {"full_response":{"candidates":[{"content":{"parts":[{"text":"I found several tours in Tay Bac:\n\n*   **Tay Bac Ethnic Culture: Local Markets - Homestay Experience:** 4 days, 7,199,000 VND\n*   **Mu Cang Chai Rice Terraces Photography Tour:** 3 days, 6,890,000 VND\n*   **Northwest Adventure Loop: Ha Giang - Dong Van - Meo Vac:** 6 days, 8,190,000 VND\n*   **Northwest Adventure: Sapa Trekking - Cat Cat Village - Fansipan Peak:** 5 days, 7,590,000 VND\n*   **Sapa - Fansipan - Y Ty - Bat Xat Rice Terraces:** 3 days, 9,405,000 VND\n*   **Moc Chau - Pha Din Pass - Son La - Dien Bien:** 5 days, 10,545,000 VND\n"}],"role":"model"},"finishReason":"STOP","avgLogprobs":-0.007716600487871868}],"usageMetadata":{"promptTokenCount":632,"candidatesTokenCount":205,"totalTokenCount":837,"promptTokensDetails":[{"modality":"TEXT","tokenCount":632}],"candidatesTokensDetails":[{"modality":"TEXT","tokenCount":205}]},"modelVersion":"gemini-2.0-flash","responseId":"bk3XaK-aGbW20-kPzpq7wAY"},"has_candidates":true,"candidates_count":1}
[2025-09-27 02:37:02] [INFO] Successfully generated response {"response_length":543,"response_preview":"I found several tours in Tay Bac:\n\n*   **Tay Bac Ethnic Culture: Local Markets - Homestay Experience:** 4 days, 7,199,000 VND\n*   **Mu Cang Chai Rice Terraces Photography Tour:** 3 days, 6,890,000 VND"}
[2025-09-27 02:37:02] [INFO] Hybrid response generated successfully {"response_type":"tour_search","layout_type":"single_tours","confidence":0.64,"display_items":6}
[2025-09-27 02:37:02] [INFO] Conversation saved successfully {"userId":1,"title":"Tour In Tay Bac"}
[2025-09-27 02:37:02] [INFO] Message processed successfully {"processing_time_ms":2913.1,"confidence":0.64,"response_type":"tour_search","layout_type":"single_tours","items_returned":6}
[2025-09-27 02:38:30] [INFO] RAG Chatbot initialized successfully {"userId":1,"components":{"database":"connected","gemini":"initialized","hybrid_retriever":"ready","response_generator":"ready"}}
[2025-09-27 02:38:30] [INFO] Processing message {"message":"tour ho chi minh","history_count":3}
[2025-09-27 02:38:30] [INFO] Starting hybrid retrieval {"query":"tour ho chi minh","intent":"tour_search"}
[2025-09-27 02:38:31] [WARNING] No vectors found in database 
[2025-09-27 02:38:31] [INFO] Hybrid retrieval completed successfully {"total_results":6,"confidence":0.64,"retrieval_stats":{"semantic_results":0,"bm25_results":8,"sql_results":8,"final_results":6}}
[2025-09-27 02:38:31] [INFO] generateVietnameseResponse called {"userMessage":"tour ho chi minh","context":"# Available Travel Information\n\n## Available Tours:\n- **Museum and Contemporary Art Tour in Ho Chi Minh** (City: Ho Chi Minh)\n  Duration: 2 days | Price: 980,000 VND\n  Found via: bm25, sql (Score: 0.6","metadata":{"match_level":"hybrid_match","confidence":0.64}}
[2025-09-27 02:38:31] [INFO] Built prompt {"prompt_length":2396,"prompt_preview":"You are a helpful Vietnam travel assistant. Your primary goal is to provide accurate information based STRICTLY on the data provided.\r\n\r\nPrevious conversation:\nUser: tour in tay bac\nAssistant: I found several tours in Tay Bac:\n\n*   **Tay Bac Ethnic Culture: Local Markets - Homestay Experience\nUser: tour ho chi minh\n\r\n\r\n---BEGIN AVAILABLE DATA---\r\n# Available Travel Information\n\n## Available Tours:\n- **Museum and Contemporary Art Tour in Ho Chi Minh** (City: Ho Chi Minh)\n  Duration: 2 days | Pric"}
[2025-09-27 02:38:31] [INFO] Making API request {"url":"https:\/\/generativelanguage.googleapis.com\/v1beta\/models\/gemini-2.0-flash:generateContent","request_data_size":2591}
[2025-09-27 02:38:31] [ERROR] Gemini API error - DETAILED {"error_message":"HTTP error: 429","error_trace":"#0 C:\\Users\\ADMIN\\Downloads\\Web_Application\\AI\\GeminiService.php(59): GeminiService->makeApiRequest('https:\/\/generat...', Array)\n#1 C:\\Users\\ADMIN\\Downloads\\Web_Application\\AI\\ResponseGenerator.php(40): GeminiService->generateVietnameseResponse('tour ho chi min...', '# Available Tra...', Array, Array)\n#2 C:\\Users\\ADMIN\\Downloads\\Web_Application\\AI\\OptimizedRAGTravelChatbot.php(133): ResponseGenerator->generateHybridResponse('tour ho chi min...', Array, Array)\n#3 C:\\Users\\ADMIN\\Downloads\\Web_Application\\AI\\rag_chatbot_backend_refactored.php(77): OptimizedRAGTravelChatbot->processMessage('tour ho chi min...', Array)\n#4 C:\\Users\\ADMIN\\Downloads\\Web_Application\\AI\\rag_chatbot_backend_refactored.php(48): handlePostRequest(Object(OptimizedRAGTravelChatbot))\n#5 {main}","user_message":"tour ho chi minh","context_length":1070}
[2025-09-27 02:38:31] [INFO] Hybrid response generated successfully {"response_type":"tour_search","layout_type":"single_tours","confidence":0.64,"display_items":6}
[2025-09-27 02:38:31] [INFO] Conversation saved successfully {"userId":1,"title":"Tour Ho Chi Minh"}
[2025-09-27 02:38:31] [INFO] Message processed successfully {"processing_time_ms":1018.55,"confidence":0.64,"response_type":"tour_search","layout_type":"single_tours","items_returned":6}
[2025-09-27 02:39:28] [INFO] RAG Chatbot initialized successfully {"userId":1,"components":{"database":"connected","gemini":"initialized","hybrid_retriever":"ready","response_generator":"ready"}}
[2025-09-27 02:39:28] [INFO] Processing message {"message":"tour nha trang","history_count":5}
[2025-09-27 02:39:28] [INFO] Starting hybrid retrieval {"query":"tour nha trang","intent":"tour_search"}
[2025-09-27 02:39:29] [WARNING] No vectors found in database 
[2025-09-27 02:39:29] [INFO] Hybrid retrieval completed successfully {"total_results":6,"confidence":0.64,"retrieval_stats":{"semantic_results":0,"bm25_results":8,"sql_results":8,"final_results":6}}
[2025-09-27 02:39:29] [INFO] generateVietnameseResponse called {"userMessage":"tour nha trang","context":"# Available Travel Information\n\n## Available Tours:\n- **Nha Trang Culture & History: Long Son Pagoda - Po Nagar Towers** (City: Nha Trang)\n  Duration: 2 days | Price: 3,990,000 VND\n  Found via: bm25, ","metadata":{"match_level":"hybrid_match","confidence":0.64}}
[2025-09-27 02:39:29] [INFO] Built prompt {"prompt_length":2520,"prompt_preview":"You are a helpful Vietnam travel assistant. Your primary goal is to provide accurate information based STRICTLY on the data provided.\r\n\r\nPrevious conversation:\nUser: tour ho chi minh\nAssistant: I found some travel options for you based on your request.\nUser: tour nha trang\n\r\n\r\n---BEGIN AVAILABLE DATA---\r\n# Available Travel Information\n\n## Available Tours:\n- **Nha Trang Culture & History: Long Son Pagoda - Po Nagar Towers** (City: Nha Trang)\n  Duration: 2 days | Price: 3,990,000 VND\n  Found via: "}
[2025-09-27 02:39:29] [INFO] Making API request {"url":"https:\/\/generativelanguage.googleapis.com\/v1beta\/models\/gemini-2.0-flash:generateContent","request_data_size":2727}
[2025-09-27 02:39:29] [ERROR] Gemini API error - DETAILED {"error_message":"HTTP error: 429","error_trace":"#0 C:\\Users\\ADMIN\\Downloads\\Web_Application\\AI\\GeminiService.php(59): GeminiService->makeApiRequest('https:\/\/generat...', Array)\n#1 C:\\Users\\ADMIN\\Downloads\\Web_Application\\AI\\ResponseGenerator.php(40): GeminiService->generateVietnameseResponse('tour nha trang', '# Available Tra...', Array, Array)\n#2 C:\\Users\\ADMIN\\Downloads\\Web_Application\\AI\\OptimizedRAGTravelChatbot.php(133): ResponseGenerator->generateHybridResponse('tour nha trang', Array, Array)\n#3 C:\\Users\\ADMIN\\Downloads\\Web_Application\\AI\\rag_chatbot_backend_refactored.php(77): OptimizedRAGTravelChatbot->processMessage('tour nha trang', Array)\n#4 C:\\Users\\ADMIN\\Downloads\\Web_Application\\AI\\rag_chatbot_backend_refactored.php(48): handlePostRequest(Object(OptimizedRAGTravelChatbot))\n#5 {main}","user_message":"tour nha trang","context_length":1115}
[2025-09-27 02:39:29] [INFO] Hybrid response generated successfully {"response_type":"tour_search","layout_type":"single_tours","confidence":0.64,"display_items":6}
[2025-09-27 02:39:29] [INFO] Conversation saved successfully {"userId":1,"title":"Tour Nha Trang"}
[2025-09-27 02:39:29] [INFO] Message processed successfully {"processing_time_ms":984.77,"confidence":0.64,"response_type":"tour_search","layout_type":"single_tours","items_returned":6}
[2025-09-27 02:39:37] [INFO] RAG Chatbot initialized successfully {"userId":1,"components":{"database":"connected","gemini":"initialized","hybrid_retriever":"ready","response_generator":"ready"}}
[2025-09-27 02:39:37] [INFO] Processing message {"message":"tour can tho","history_count":1}
[2025-09-27 02:39:37] [INFO] Starting hybrid retrieval {"query":"tour can tho","intent":"tour_search"}
[2025-09-27 02:39:38] [WARNING] No vectors found in database 
[2025-09-27 02:39:38] [INFO] Hybrid retrieval completed successfully {"total_results":6,"confidence":0.64,"retrieval_stats":{"semantic_results":0,"bm25_results":8,"sql_results":8,"final_results":6}}
[2025-09-27 02:39:38] [INFO] generateVietnameseResponse called {"userMessage":"tour can tho","context":"# Available Travel Information\n\n## Available Tours:\n- **Can Tho Countryside Biking & Fruit Garden Tour** (City: Can Tho)\n  Duration: 2 days | Price: 3,100,000 VND\n  Found via: bm25, sql (Score: 0.65)\n","metadata":{"match_level":"hybrid_match","confidence":0.64}}
[2025-09-27 02:39:38] [INFO] Built prompt {"prompt_length":2360,"prompt_preview":"You are a helpful Vietnam travel assistant. Your primary goal is to provide accurate information based STRICTLY on the data provided.\r\n\r\nPrevious conversation:\nUser: tour can tho\n\r\n\r\n---BEGIN AVAILABLE DATA---\r\n# Available Travel Information\n\n## Available Tours:\n- **Can Tho Countryside Biking & Fruit Garden Tour** (City: Can Tho)\n  Duration: 2 days | Price: 3,100,000 VND\n  Found via: bm25, sql (Score: 0.65)\n\n- **Can Tho - Phong Dien Floating Market & Eco-Village** (City: Can Tho)\n  Duration: 2 d"}
[2025-09-27 02:39:38] [INFO] Making API request {"url":"https:\/\/generativelanguage.googleapis.com\/v1beta\/models\/gemini-2.0-flash:generateContent","request_data_size":2565}
[2025-09-27 02:39:39] [ERROR] Gemini API error - DETAILED {"error_message":"HTTP error: 429","error_trace":"#0 C:\\Users\\ADMIN\\Downloads\\Web_Application\\AI\\GeminiService.php(59): GeminiService->makeApiRequest('https:\/\/generat...', Array)\n#1 C:\\Users\\ADMIN\\Downloads\\Web_Application\\AI\\ResponseGenerator.php(40): GeminiService->generateVietnameseResponse('tour can tho', '# Available Tra...', Array, Array)\n#2 C:\\Users\\ADMIN\\Downloads\\Web_Application\\AI\\OptimizedRAGTravelChatbot.php(133): ResponseGenerator->generateHybridResponse('tour can tho', Array, Array)\n#3 C:\\Users\\ADMIN\\Downloads\\Web_Application\\AI\\rag_chatbot_backend_refactored.php(77): OptimizedRAGTravelChatbot->processMessage('tour can tho', Array)\n#4 C:\\Users\\ADMIN\\Downloads\\Web_Application\\AI\\rag_chatbot_backend_refactored.php(48): handlePostRequest(Object(OptimizedRAGTravelChatbot))\n#5 {main}","user_message":"tour can tho","context_length":1052}
[2025-09-27 02:39:39] [INFO] Hybrid response generated successfully {"response_type":"tour_search","layout_type":"single_tours","confidence":0.64,"display_items":6}
[2025-09-27 02:39:39] [INFO] Conversation saved successfully {"userId":1,"title":"Tour Can Tho"}
[2025-09-27 02:39:39] [INFO] Message processed successfully {"processing_time_ms":1409.84,"confidence":0.64,"response_type":"tour_search","layout_type":"single_tours","items_returned":6}
[2025-09-27 02:39:42] [INFO] RAG Chatbot initialized successfully {"userId":1,"components":{"database":"connected","gemini":"initialized","hybrid_retriever":"ready","response_generator":"ready"}}
[2025-09-27 02:39:42] [INFO] Processing message {"message":"tour tay bac","history_count":3}
[2025-09-27 02:39:42] [INFO] Starting hybrid retrieval {"query":"tour tay bac","intent":"tour_search"}
[2025-09-27 02:39:43] [WARNING] No vectors found in database 
[2025-09-27 02:39:43] [INFO] Hybrid retrieval completed successfully {"total_results":6,"confidence":0.64,"retrieval_stats":{"semantic_results":0,"bm25_results":8,"sql_results":8,"final_results":6}}
[2025-09-27 02:39:43] [INFO] generateVietnameseResponse called {"userMessage":"tour tay bac","context":"# Available Travel Information\n\n## Available Tours:\n- **Tay Bac Ethnic Culture: Local Markets - Homestay Experience** (City: Tay Bac)\n  Duration: 4 days | Price: 7,199,000 VND\n  Found via: bm25, sql (","metadata":{"match_level":"hybrid_match","confidence":0.64}}
[2025-09-27 02:39:43] [INFO] Built prompt {"prompt_length":2383,"prompt_preview":"You are a helpful Vietnam travel assistant. Your primary goal is to provide accurate information based STRICTLY on the data provided.\r\n\r\nPrevious conversation:\nUser: tour can tho\nAssistant: I found some travel options for you based on your request.\nUser: tour tay bac\n\r\n\r\n---BEGIN AVAILABLE DATA---\r\n# Available Travel Information\n\n## Available Tours:\n- **Tay Bac Ethnic Culture: Local Markets - Homestay Experience** (City: Tay Bac)\n  Duration: 4 days | Price: 7,199,000 VND\n  Found via: bm25, sql ("}
[2025-09-27 02:39:43] [INFO] Making API request {"url":"https:\/\/generativelanguage.googleapis.com\/v1beta\/models\/gemini-2.0-flash:generateContent","request_data_size":2590}
[2025-09-27 02:39:43] [ERROR] Gemini API error - DETAILED {"error_message":"HTTP error: 429","error_trace":"#0 C:\\Users\\ADMIN\\Downloads\\Web_Application\\AI\\GeminiService.php(59): GeminiService->makeApiRequest('https:\/\/generat...', Array)\n#1 C:\\Users\\ADMIN\\Downloads\\Web_Application\\AI\\ResponseGenerator.php(40): GeminiService->generateVietnameseResponse('tour tay bac', '# Available Tra...', Array, Array)\n#2 C:\\Users\\ADMIN\\Downloads\\Web_Application\\AI\\OptimizedRAGTravelChatbot.php(133): ResponseGenerator->generateHybridResponse('tour tay bac', Array, Array)\n#3 C:\\Users\\ADMIN\\Downloads\\Web_Application\\AI\\rag_chatbot_backend_refactored.php(77): OptimizedRAGTravelChatbot->processMessage('tour tay bac', Array)\n#4 C:\\Users\\ADMIN\\Downloads\\Web_Application\\AI\\rag_chatbot_backend_refactored.php(48): handlePostRequest(Object(OptimizedRAGTravelChatbot))\n#5 {main}","user_message":"tour tay bac","context_length":986}
[2025-09-27 02:39:43] [INFO] Hybrid response generated successfully {"response_type":"tour_search","layout_type":"single_tours","confidence":0.64,"display_items":6}
[2025-09-27 02:39:43] [INFO] Conversation saved successfully {"userId":1,"title":"Tour Tay Bac"}
[2025-09-27 02:39:43] [INFO] Message processed successfully {"processing_time_ms":1309.26,"confidence":0.64,"response_type":"tour_search","layout_type":"single_tours","items_returned":6}
[2025-09-27 02:39:56] [INFO] RAG Chatbot initialized successfully {"userId":1,"components":{"database":"connected","gemini":"initialized","hybrid_retriever":"ready","response_generator":"ready"}}
[2025-09-27 02:39:56] [INFO] Processing message {"message":"tour nha trang","history_count":5}
[2025-09-27 02:39:56] [INFO] Starting hybrid retrieval {"query":"tour nha trang","intent":"tour_search"}
[2025-09-27 02:39:57] [WARNING] No vectors found in database 
[2025-09-27 02:39:57] [INFO] Hybrid retrieval completed successfully {"total_results":6,"confidence":0.64,"retrieval_stats":{"semantic_results":0,"bm25_results":8,"sql_results":8,"final_results":6}}
[2025-09-27 02:39:57] [INFO] generateVietnameseResponse called {"userMessage":"tour nha trang","context":"# Available Travel Information\n\n## Available Tours:\n- **Nha Trang Culture & History: Long Son Pagoda - Po Nagar Towers** (City: Nha Trang)\n  Duration: 2 days | Price: 3,990,000 VND\n  Found via: bm25, ","metadata":{"match_level":"hybrid_match","confidence":0.64}}
[2025-09-27 02:39:57] [INFO] Built prompt {"prompt_length":2260,"prompt_preview":"You are a helpful Vietnam travel assistant. Your primary goal is to provide accurate information based STRICTLY on the data provided.\r\n\r\nPrevious conversation:\nUser: tour tay bac\nAssistant: I found some travel options for you based on your request.\nUser: tour nha trang\n\r\n\r\n---BEGIN AVAILABLE DATA---\r\n# Available Travel Information\n\n## Available Tours:\n- **Nha Trang Culture & History: Long Son Pagoda - Po Nagar Towers** (City: Nha Trang)\n  Duration: 2 days | Price: 3,990,000 VND\n  Found via: bm25"}
[2025-09-27 02:39:57] [INFO] Making API request {"url":"https:\/\/generativelanguage.googleapis.com\/v1beta\/models\/gemini-2.0-flash:generateContent","request_data_size":2447}
[2025-09-27 02:39:58] [ERROR] Gemini API error - DETAILED {"error_message":"HTTP error: 429","error_trace":"#0 C:\\Users\\ADMIN\\Downloads\\Web_Application\\AI\\GeminiService.php(59): GeminiService->makeApiRequest('https:\/\/generat...', Array)\n#1 C:\\Users\\ADMIN\\Downloads\\Web_Application\\AI\\ResponseGenerator.php(40): GeminiService->generateVietnameseResponse('tour nha trang', '# Available Tra...', Array, Array)\n#2 C:\\Users\\ADMIN\\Downloads\\Web_Application\\AI\\OptimizedRAGTravelChatbot.php(133): ResponseGenerator->generateHybridResponse('tour nha trang', Array, Array)\n#3 C:\\Users\\ADMIN\\Downloads\\Web_Application\\AI\\rag_chatbot_backend_refactored.php(77): OptimizedRAGTravelChatbot->processMessage('tour nha trang', Array)\n#4 C:\\Users\\ADMIN\\Downloads\\Web_Application\\AI\\rag_chatbot_backend_refactored.php(48): handlePostRequest(Object(OptimizedRAGTravelChatbot))\n#5 {main}","user_message":"tour nha trang","context_length":1115}
[2025-09-27 02:39:58] [INFO] Hybrid response generated successfully {"response_type":"tour_search","layout_type":"single_tours","confidence":0.64,"display_items":6}
[2025-09-27 02:39:58] [INFO] Conversation saved successfully {"userId":1,"title":"Tour Nha Trang"}
[2025-09-27 02:39:58] [INFO] Message processed successfully {"processing_time_ms":1375.29,"confidence":0.64,"response_type":"tour_search","layout_type":"single_tours","items_returned":6}
[2025-09-27 02:40:08] [INFO] RAG Chatbot initialized successfully {"userId":1,"components":{"database":"connected","gemini":"initialized","hybrid_retriever":"ready","response_generator":"ready"}}
[2025-09-27 02:40:08] [INFO] Processing message {"message":"tour ha noi","history_count":1}
[2025-09-27 02:40:08] [INFO] Starting hybrid retrieval {"query":"tour ha noi","intent":"tour_search"}
[2025-09-27 02:40:09] [WARNING] No vectors found in database 
[2025-09-27 02:40:09] [INFO] Hybrid retrieval completed successfully {"total_results":6,"confidence":0.64,"retrieval_stats":{"semantic_results":0,"bm25_results":8,"sql_results":8,"final_results":6}}
[2025-09-27 02:40:09] [INFO] generateVietnameseResponse called {"userMessage":"tour ha noi","context":"# Available Travel Information\n\n## Available Tours:\n- **Hanoi Heritage & Street Food Tour** (City: Ha Noi)\n  Duration: 3 days | Price: 4,800,000 VND\n  Found via: bm25, sql (Score: 0.65)\n\n- **Hanoi - H","metadata":{"match_level":"hybrid_match","confidence":0.64}}
[2025-09-27 02:40:09] [INFO] Built prompt {"prompt_length":2023,"prompt_preview":"You are a helpful Vietnam travel assistant. Your primary goal is to provide accurate information based STRICTLY on the data provided.\r\n\r\nPrevious conversation:\nUser: tour ha noi\n\r\n\r\n---BEGIN AVAILABLE DATA---\r\n# Available Travel Information\n\n## Available Tours:\n- **Hanoi Heritage & Street Food Tour** (City: Ha Noi)\n  Duration: 3 days | Price: 4,800,000 VND\n  Found via: bm25, sql (Score: 0.65)\n\n- **Hanoi - Halong Luxury Cruise Escape** (City: Ha Noi)\n  Duration: 4 days | Price: 8,900,000 VND\n  Fo"}
[2025-09-27 02:40:09] [INFO] Making API request {"url":"https:\/\/generativelanguage.googleapis.com\/v1beta\/models\/gemini-2.0-flash:generateContent","request_data_size":2208}
[2025-09-27 02:40:09] [ERROR] Gemini API error - DETAILED {"error_message":"HTTP error: 429","error_trace":"#0 C:\\Users\\ADMIN\\Downloads\\Web_Application\\AI\\GeminiService.php(59): GeminiService->makeApiRequest('https:\/\/generat...', Array)\n#1 C:\\Users\\ADMIN\\Downloads\\Web_Application\\AI\\ResponseGenerator.php(40): GeminiService->generateVietnameseResponse('tour ha noi', '# Available Tra...', Array, Array)\n#2 C:\\Users\\ADMIN\\Downloads\\Web_Application\\AI\\OptimizedRAGTravelChatbot.php(133): ResponseGenerator->generateHybridResponse('tour ha noi', Array, Array)\n#3 C:\\Users\\ADMIN\\Downloads\\Web_Application\\AI\\rag_chatbot_backend_refactored.php(77): OptimizedRAGTravelChatbot->processMessage('tour ha noi', Array)\n#4 C:\\Users\\ADMIN\\Downloads\\Web_Application\\AI\\rag_chatbot_backend_refactored.php(48): handlePostRequest(Object(OptimizedRAGTravelChatbot))\n#5 {main}","user_message":"tour ha noi","context_length":973}
[2025-09-27 02:40:09] [INFO] Hybrid response generated successfully {"response_type":"tour_search","layout_type":"single_tours","confidence":0.64,"display_items":6}
[2025-09-27 02:40:09] [INFO] Conversation saved successfully {"userId":1,"title":"Tour Ha Noi"}
[2025-09-27 02:40:09] [INFO] Message processed successfully {"processing_time_ms":1419.22,"confidence":0.64,"response_type":"tour_search","layout_type":"single_tours","items_returned":6}
[2025-09-27 02:40:13] [INFO] RAG Chatbot initialized successfully {"userId":1,"components":{"database":"connected","gemini":"initialized","hybrid_retriever":"ready","response_generator":"ready"}}
[2025-09-27 02:40:13] [INFO] Processing message {"message":"tour tay bac","history_count":3}
[2025-09-27 02:40:13] [INFO] Starting hybrid retrieval {"query":"tour tay bac","intent":"tour_search"}
[2025-09-27 02:40:13] [ERROR] Embedding generation failed {"error":"HTTP error: 503"}
[2025-09-27 02:40:13] [WARNING] Failed to generate query embedding 
[2025-09-27 02:40:13] [INFO] Hybrid retrieval completed successfully {"total_results":6,"confidence":0.64,"retrieval_stats":{"semantic_results":0,"bm25_results":8,"sql_results":8,"final_results":6}}
[2025-09-27 02:40:13] [INFO] generateVietnameseResponse called {"userMessage":"tour tay bac","context":"# Available Travel Information\n\n## Available Tours:\n- **Tay Bac Ethnic Culture: Local Markets - Homestay Experience** (City: Tay Bac)\n  Duration: 4 days | Price: 7,199,000 VND\n  Found via: bm25, sql (","metadata":{"match_level":"hybrid_match","confidence":0.64}}
[2025-09-27 02:40:13] [INFO] Built prompt {"prompt_length":2126,"prompt_preview":"You are a helpful Vietnam travel assistant. Your primary goal is to provide accurate information based STRICTLY on the data provided.\r\n\r\nPrevious conversation:\nUser: tour ha noi\nAssistant: I found some travel options for you based on your request.\nUser: tour tay bac\n\r\n\r\n---BEGIN AVAILABLE DATA---\r\n# Available Travel Information\n\n## Available Tours:\n- **Tay Bac Ethnic Culture: Local Markets - Homestay Experience** (City: Tay Bac)\n  Duration: 4 days | Price: 7,199,000 VND\n  Found via: bm25, sql (S"}
[2025-09-27 02:40:13] [INFO] Making API request {"url":"https:\/\/generativelanguage.googleapis.com\/v1beta\/models\/gemini-2.0-flash:generateContent","request_data_size":2313}
[2025-09-27 02:40:14] [ERROR] Gemini API error - DETAILED {"error_message":"HTTP error: 429","error_trace":"#0 C:\\Users\\ADMIN\\Downloads\\Web_Application\\AI\\GeminiService.php(59): GeminiService->makeApiRequest('https:\/\/generat...', Array)\n#1 C:\\Users\\ADMIN\\Downloads\\Web_Application\\AI\\ResponseGenerator.php(40): GeminiService->generateVietnameseResponse('tour tay bac', '# Available Tra...', Array, Array)\n#2 C:\\Users\\ADMIN\\Downloads\\Web_Application\\AI\\OptimizedRAGTravelChatbot.php(133): ResponseGenerator->generateHybridResponse('tour tay bac', Array, Array)\n#3 C:\\Users\\ADMIN\\Downloads\\Web_Application\\AI\\rag_chatbot_backend_refactored.php(77): OptimizedRAGTravelChatbot->processMessage('tour tay bac', Array)\n#4 C:\\Users\\ADMIN\\Downloads\\Web_Application\\AI\\rag_chatbot_backend_refactored.php(48): handlePostRequest(Object(OptimizedRAGTravelChatbot))\n#5 {main}","user_message":"tour tay bac","context_length":986}
[2025-09-27 02:40:14] [INFO] Hybrid response generated successfully {"response_type":"tour_search","layout_type":"single_tours","confidence":0.64,"display_items":6}
[2025-09-27 02:40:14] [INFO] Conversation saved successfully {"userId":1,"title":"Tour Tay Bac"}
[2025-09-27 02:40:14] [INFO] Message processed successfully {"processing_time_ms":1187.57,"confidence":0.64,"response_type":"tour_search","layout_type":"single_tours","items_returned":6}
[2025-09-27 02:58:02] [INFO] RAG Chatbot initialized successfully {"userId":1,"components":{"database":"connected","gemini":"initialized","hybrid_retriever":"ready","response_generator":"ready"}}
[2025-09-27 02:58:02] [INFO] Processing message {"message":"can you show me tour ha giang detail","history_count":1}
[2025-09-27 02:58:02] [INFO] Starting hybrid retrieval {"query":"can you show me tour ha giang detail","intent":"tour_search"}
[2025-09-27 02:58:03] [WARNING] No vectors found in database 
[2025-09-27 02:58:03] [INFO] Hybrid retrieval completed successfully {"total_results":6,"confidence":0.64,"retrieval_stats":{"semantic_results":0,"bm25_results":8,"sql_results":8,"final_results":6}}
[2025-09-27 02:58:03] [INFO] generateVietnameseResponse called {"userMessage":"can you show me tour ha giang detail","context":"# Available Travel Information\n\n## Available Tours:\n- **Ha Giang Trekking Expedition: Rice Terraces - Hidden Villages - Mountain Valleys** (City: Ha Giang)\n  Duration: 4 days | Price: 9,400,000 VND\n  ","metadata":{"match_level":"hybrid_match","confidence":0.64}}
[2025-09-27 02:58:03] [INFO] Built prompt {"prompt_length":2352,"prompt_preview":"You are a helpful Vietnam travel assistant. Your primary goal is to provide accurate information based STRICTLY on the data provided.\r\n\r\nPrevious conversation:\nUser: can you show me tour ha giang detail\n\r\n\r\n---BEGIN AVAILABLE DATA---\r\n# Available Travel Information\n\n## Available Tours:\n- **Ha Giang Trekking Expedition: Rice Terraces - Hidden Villages - Mountain Valleys** (City: Ha Giang)\n  Duration: 4 days | Price: 9,400,000 VND\n  Found via: bm25, sql (Score: 0.65)\n\n- **Ha Giang Cultural Discove"}
[2025-09-27 02:58:03] [INFO] Making API request {"url":"https:\/\/generativelanguage.googleapis.com\/v1beta\/models\/gemini-2.0-flash:generateContent","request_data_size":2537}
[2025-09-27 02:58:03] [ERROR] Gemini API error - DETAILED {"error_message":"HTTP error: 429","error_trace":"#0 C:\\Users\\ADMIN\\Downloads\\Web_Application\\AI\\GeminiService.php(59): GeminiService->makeApiRequest('https:\/\/generat...', Array)\n#1 C:\\Users\\ADMIN\\Downloads\\Web_Application\\AI\\ResponseGenerator.php(40): GeminiService->generateVietnameseResponse('can you show me...', '# Available Tra...', Array, Array)\n#2 C:\\Users\\ADMIN\\Downloads\\Web_Application\\AI\\OptimizedRAGTravelChatbot.php(133): ResponseGenerator->generateHybridResponse('can you show me...', Array, Array)\n#3 C:\\Users\\ADMIN\\Downloads\\Web_Application\\AI\\rag_chatbot_backend_refactored.php(77): OptimizedRAGTravelChatbot->processMessage('can you show me...', Array)\n#4 C:\\Users\\ADMIN\\Downloads\\Web_Application\\AI\\rag_chatbot_backend_refactored.php(48): handlePostRequest(Object(OptimizedRAGTravelChatbot))\n#5 {main}","user_message":"can you show me tour ha giang detail","context_length":1252}
[2025-09-27 02:58:03] [INFO] Hybrid response generated successfully {"response_type":"tour_search","layout_type":"single_tours","confidence":0.64,"display_items":6}
[2025-09-27 02:58:03] [INFO] Conversation saved successfully {"userId":1,"title":"Tour Ha Giang Detail..."}
[2025-09-27 02:58:03] [INFO] Message processed successfully {"processing_time_ms":1052.1,"confidence":0.64,"response_type":"tour_search","layout_type":"single_tours","items_returned":6}
[2025-09-27 03:05:09] [INFO] RAG Chatbot initialized successfully {"userId":1,"components":{"database":"connected","gemini":"initialized","hybrid_retriever":"ready","response_generator":"ready"}}
[2025-09-27 03:05:09] [INFO] Processing message {"message":"tour ha noi","history_count":3}
[2025-09-27 03:05:09] [INFO] Starting hybrid retrieval {"query":"tour ha noi","intent":"tour_search"}
[2025-09-27 03:05:09] [WARNING] No vectors found in database 
[2025-09-27 03:05:09] [INFO] Hybrid retrieval completed successfully {"total_results":6,"confidence":0.64,"retrieval_stats":{"semantic_results":0,"bm25_results":8,"sql_results":8,"final_results":6}}
[2025-09-27 03:05:09] [INFO] generateVietnameseResponse called {"userMessage":"tour ha noi","context_length":973,"metadata":{"match_level":"hybrid_match","confidence":0.64}}
[2025-09-27 03:05:10] [ERROR] Gemini API error - generating fallback {"error_message":"HTTP error: 429","user_message":"tour ha noi","context_available":true}
[2025-09-27 03:05:10] [INFO] Hybrid response generated successfully {"response_type":"tour_search","layout_type":"single_tours","confidence":0.64,"display_items":6}
[2025-09-27 03:05:10] [INFO] Conversation saved successfully {"userId":1,"title":"Tour Ha Noi"}
[2025-09-27 03:05:10] [INFO] Message processed successfully {"processing_time_ms":1484.23,"confidence":0.64,"response_type":"tour_search","layout_type":"single_tours","items_returned":6}
[2025-09-27 03:05:41] [INFO] RAG Chatbot initialized successfully {"userId":1,"components":{"database":"connected","gemini":"initialized","hybrid_retriever":"ready","response_generator":"ready"}}
[2025-09-27 03:05:41] [INFO] Processing message {"message":"show me tour in da nang","history_count":5}
[2025-09-27 03:05:41] [INFO] Starting hybrid retrieval {"query":"show me tour in da nang","intent":"tour_search"}
[2025-09-27 03:05:42] [WARNING] No vectors found in database 
[2025-09-27 03:05:42] [INFO] Hybrid retrieval completed successfully {"total_results":6,"confidence":0.64,"retrieval_stats":{"semantic_results":0,"bm25_results":8,"sql_results":8,"final_results":6}}
[2025-09-27 03:05:42] [INFO] generateVietnameseResponse called {"userMessage":"show me tour in da nang","context_length":1205,"metadata":{"match_level":"hybrid_match","confidence":0.64}}
[2025-09-27 03:05:42] [ERROR] Gemini API error - generating fallback {"error_message":"HTTP error: 429","user_message":"show me tour in da nang","context_available":true}
[2025-09-27 03:05:42] [INFO] Hybrid response generated successfully {"response_type":"tour_search","layout_type":"single_tours","confidence":0.64,"display_items":6}
[2025-09-27 03:05:42] [INFO] Conversation saved successfully {"userId":1,"title":"Tour In Da Nang..."}
[2025-09-27 03:05:42] [INFO] Message processed successfully {"processing_time_ms":1445.11,"confidence":0.64,"response_type":"tour_search","layout_type":"single_tours","items_returned":6}
[2025-09-27 03:54:12] [INFO] RAG Chatbot initialized successfully {"userId":1,"components":{"database":"connected","gemini":"initialized","hybrid_retriever":"ready","response_generator":"ready"}}
[2025-09-27 03:54:12] [INFO] Processing message {"message":"tour in ha noi","history_count":5}
[2025-09-27 03:54:12] [INFO] Starting hybrid retrieval {"query":"tour in ha noi","intent":"tour_search"}
[2025-09-27 03:54:13] [WARNING] No vectors found in database 
[2025-09-27 03:54:13] [INFO] Hybrid retrieval completed successfully {"total_results":6,"confidence":0.64,"retrieval_stats":{"semantic_results":0,"bm25_results":8,"sql_results":8,"final_results":6}}
[2025-09-27 03:54:13] [INFO] generateVietnameseResponse called {"userMessage":"tour in ha noi","context_length":973,"metadata":{"match_level":"hybrid_match","confidence":0.64}}
[2025-09-27 03:54:13] [ERROR] Gemini API error - generating fallback {"error_message":"HTTP error: 429","user_message":"tour in ha noi","context_available":true}
[2025-09-27 03:54:13] [INFO] Hybrid response generated successfully {"response_type":"tour_search","layout_type":"single_tours","confidence":0.64,"display_items":6}
[2025-09-27 03:54:13] [INFO] Conversation saved successfully {"userId":1,"title":"Tour In Ha Noi"}
[2025-09-27 03:54:13] [INFO] Message processed successfully {"processing_time_ms":964.63,"confidence":0.64,"response_type":"tour_search","layout_type":"single_tours","items_returned":6}
[2025-09-27 03:54:50] [INFO] RAG Chatbot initialized successfully {"userId":1,"components":{"database":"connected","gemini":"initialized","hybrid_retriever":"ready","response_generator":"ready"}}
[2025-09-27 03:54:50] [INFO] Processing message {"message":"can you show tour in hue","history_count":1}
[2025-09-27 03:54:50] [INFO] Starting hybrid retrieval {"query":"can you show tour in hue","intent":"tour_search"}
[2025-09-27 03:54:50] [WARNING] No vectors found in database 
[2025-09-27 03:54:50] [INFO] Hybrid retrieval completed successfully {"total_results":6,"confidence":0.64,"retrieval_stats":{"semantic_results":0,"bm25_results":8,"sql_results":8,"final_results":6}}
[2025-09-27 03:54:50] [INFO] generateVietnameseResponse called {"userMessage":"can you show tour in hue","context_length":1009,"metadata":{"match_level":"hybrid_match","confidence":0.64}}
[2025-09-27 03:54:51] [ERROR] Gemini API error - generating fallback {"error_message":"HTTP error: 429","user_message":"can you show tour in hue","context_available":true}
[2025-09-27 03:54:51] [INFO] Hybrid response generated successfully {"response_type":"tour_search","layout_type":"single_tours","confidence":0.64,"display_items":6}
[2025-09-27 03:54:51] [INFO] Conversation saved successfully {"userId":1,"title":"Sur In Hue..."}
[2025-09-27 03:54:51] [INFO] Message processed successfully {"processing_time_ms":912.91,"confidence":0.64,"response_type":"tour_search","layout_type":"single_tours","items_returned":6}
[2025-09-27 12:45:47] [INFO] RAG Chatbot initialized successfully {"userId":1,"components":{"database":"connected","gemini":"initialized","hybrid_retriever":"ready","response_generator":"ready"}}
[2025-09-27 12:45:47] [INFO] Processing message {"message":"show me tour in tay bac","history_count":1}
[2025-09-27 12:45:47] [INFO] Starting hybrid retrieval {"query":"show me tour in tay bac","intent":"tour_search"}
[2025-09-27 12:45:47] [WARNING] No vectors found in database 
[2025-09-27 12:45:47] [INFO] Hybrid retrieval completed successfully {"total_results":6,"confidence":0.64,"retrieval_stats":{"semantic_results":0,"bm25_results":8,"sql_results":8,"final_results":6}}
[2025-09-27 12:45:47] [INFO] generateVietnameseResponse called {"userMessage":"show me tour in tay bac","context_length":986,"metadata":{"match_level":"hybrid_match","confidence":0.64}}
[2025-09-27 12:45:48] [ERROR] Gemini API error - generating fallback {"error_message":"HTTP error: 429","user_message":"show me tour in tay bac","context_available":true}
[2025-09-27 12:45:48] [INFO] Hybrid response generated successfully {"response_type":"tour_search","layout_type":"single_tours","confidence":0.64,"display_items":6}
[2025-09-27 12:45:48] [INFO] Conversation saved successfully {"userId":1,"title":"Tour In Tay Bac..."}
[2025-09-27 12:45:48] [INFO] Message processed successfully {"processing_time_ms":1308.22,"confidence":0.64,"response_type":"tour_search","layout_type":"single_tours","items_returned":6}
[2025-09-27 12:46:14] [INFO] RAG Chatbot initialized successfully {"userId":1,"components":{"database":"connected","gemini":"initialized","hybrid_retriever":"ready","response_generator":"ready"}}
[2025-09-27 12:46:14] [INFO] Processing message {"message":"hotel in da lat","history_count":3}
[2025-09-27 12:46:14] [INFO] Starting hybrid retrieval {"query":"hotel in da lat","intent":"hotel_search"}
[2025-09-27 12:46:15] [WARNING] No vectors found in database 
[2025-09-27 12:46:15] [INFO] Hybrid retrieval completed successfully {"total_results":6,"confidence":0.64,"retrieval_stats":{"semantic_results":0,"bm25_results":6,"sql_results":10,"final_results":6}}
[2025-09-27 12:46:15] [INFO] generateVietnameseResponse called {"userMessage":"hotel in da lat","context_length":818,"metadata":{"match_level":"hybrid_match","confidence":0.64}}
[2025-09-27 12:46:16] [ERROR] Gemini API error - generating fallback {"error_message":"HTTP error: 503","user_message":"hotel in da lat","context_available":true}
[2025-09-27 12:46:16] [INFO] Hybrid response generated successfully {"response_type":"hotel_search","layout_type":"single_hotels","confidence":0.64,"display_items":6}
[2025-09-27 12:46:16] [INFO] Conversation saved successfully {"userId":1,"title":"Hotel In Da Lat"}
[2025-09-27 12:46:16] [INFO] Message processed successfully {"processing_time_ms":2018.14,"confidence":0.64,"response_type":"hotel_search","layout_type":"single_hotels","items_returned":6}
[2025-09-27 12:46:46] [INFO] RAG Chatbot initialized successfully {"userId":1,"components":{"database":"connected","gemini":"initialized","hybrid_retriever":"ready","response_generator":"ready"}}
[2025-09-27 12:46:46] [INFO] Processing message {"message":"show tour in tay bac and hotel in nha trang","history_count":5}
[2025-09-27 12:46:46] [INFO] Starting hybrid retrieval {"query":"show tour in tay bac and hotel in nha trang","intent":"mixed_search"}
[2025-09-27 12:46:46] [ERROR] Embedding generation failed {"error":"HTTP error: 503"}
[2025-09-27 12:46:46] [WARNING] Failed to generate query embedding 
[2025-09-27 12:46:46] [INFO] Hybrid retrieval completed successfully {"total_results":10,"confidence":0.7000000000000001,"retrieval_stats":{"semantic_results":0,"bm25_results":15,"sql_results":15,"final_results":10}}
[2025-09-27 12:46:46] [INFO] generateVietnameseResponse called {"userMessage":"show tour in tay bac and hotel in nha trang","context_length":1686,"metadata":{"match_level":"hybrid_match","confidence":0.7000000000000001}}
[2025-09-27 12:46:47] [ERROR] Gemini API error - generating fallback {"error_message":"HTTP error: 429","user_message":"show tour in tay bac and hotel in nha trang","context_available":true}
[2025-09-27 12:46:47] [INFO] Hybrid response generated successfully {"response_type":"tour_search","layout_type":"multi_city_tours","confidence":0.7000000000000001,"display_items":6}
[2025-09-27 12:46:47] [INFO] Conversation saved successfully {"userId":1,"title":"Sur In Tay Bac And..."}
[2025-09-27 12:46:47] [INFO] Message processed successfully {"processing_time_ms":1163.42,"confidence":0.7000000000000001,"response_type":"tour_search","layout_type":"multi_city_tours","items_returned":10}
[2025-09-27 12:51:09] [INFO] RAG Chatbot initialized successfully {"userId":1,"components":{"database":"connected","gemini":"initialized","hybrid_retriever":"ready","response_generator":"ready"}}
[2025-09-27 12:51:09] [INFO] Processing message {"message":"show tour in ha noi","history_count":5}
[2025-09-27 12:51:09] [INFO] Starting hybrid retrieval {"query":"show tour in ha noi","intent":"tour_search"}
[2025-09-27 12:51:10] [WARNING] No vectors found in database 
[2025-09-27 12:51:10] [INFO] Hybrid retrieval completed successfully {"total_results":6,"confidence":0.64,"retrieval_stats":{"semantic_results":0,"bm25_results":8,"sql_results":8,"final_results":6}}
[2025-09-27 12:51:10] [INFO] generateVietnameseResponse called {"userMessage":"show tour in ha noi","context_length":973,"metadata":{"match_level":"hybrid_match","confidence":0.64}}
[2025-09-27 12:51:12] [INFO] Successfully generated response {"response_length":660,"response_preview":"I found several great tours in Ha Noi:\n• **Hanoi Heritage & Street Food Tour** - 3 days, 4,800,000"}
[2025-09-27 12:51:12] [INFO] Hybrid response generated successfully {"response_type":"tour_search","layout_type":"single_tours","confidence":0.64,"display_items":6}
[2025-09-27 12:51:12] [INFO] Conversation saved successfully {"userId":1,"title":"Sur In Ha Noi..."}
[2025-09-27 12:51:12] [INFO] Message processed successfully {"processing_time_ms":2757.95,"confidence":0.64,"response_type":"tour_search","layout_type":"single_tours","items_returned":6}
[2025-09-27 12:51:31] [INFO] RAG Chatbot initialized successfully {"userId":1,"components":{"database":"connected","gemini":"initialized","hybrid_retriever":"ready","response_generator":"ready"}}
[2025-09-27 12:51:31] [INFO] Processing message {"message":"tour hotel in phu yen","history_count":5}
[2025-09-27 12:51:31] [INFO] Starting hybrid retrieval {"query":"tour hotel in phu yen","intent":"tour_search"}
[2025-09-27 12:51:31] [WARNING] No vectors found in database 
[2025-09-27 12:51:31] [INFO] Hybrid retrieval completed successfully {"total_results":6,"confidence":0.64,"retrieval_stats":{"semantic_results":0,"bm25_results":8,"sql_results":8,"final_results":6}}
[2025-09-27 12:51:31] [INFO] generateVietnameseResponse called {"userMessage":"tour hotel in phu yen","context_length":1028,"metadata":{"match_level":"hybrid_match","confidence":0.64}}
[2025-09-27 12:51:32] [ERROR] Gemini API error - generating fallback {"error_message":"HTTP error: 429","user_message":"tour hotel in phu yen","context_available":true}
[2025-09-27 12:51:32] [INFO] Hybrid response generated successfully {"response_type":"tour_search","layout_type":"single_tours","confidence":0.64,"display_items":6}
[2025-09-27 12:51:32] [INFO] Conversation saved successfully {"userId":1,"title":"Tour Hotel In Phu Yen"}
[2025-09-27 12:51:32] [INFO] Message processed successfully {"processing_time_ms":987.44,"confidence":0.64,"response_type":"tour_search","layout_type":"single_tours","items_returned":6}
[2025-09-27 12:51:58] [INFO] RAG Chatbot initialized successfully {"userId":1,"components":{"database":"connected","gemini":"initialized","hybrid_retriever":"ready","response_generator":"ready"}}
[2025-09-27 12:51:58] [INFO] Processing message {"message":"tour in phu quoc and hotel in da lat","history_count":5}
[2025-09-27 12:51:58] [INFO] Starting hybrid retrieval {"query":"tour in phu quoc and hotel in da lat","intent":"mixed_search"}
[2025-09-27 12:51:58] [WARNING] No vectors found in database 
[2025-09-27 12:51:59] [INFO] Hybrid retrieval completed successfully {"total_results":10,"confidence":0.7000000000000001,"retrieval_stats":{"semantic_results":0,"bm25_results":15,"sql_results":15,"final_results":10}}
[2025-09-27 12:51:59] [INFO] generateVietnameseResponse called {"userMessage":"tour in phu quoc and hotel in da lat","context_length":1792,"metadata":{"match_level":"hybrid_match","confidence":0.7000000000000001}}
[2025-09-27 12:51:59] [ERROR] Gemini API error - generating fallback {"error_message":"HTTP error: 429","user_message":"tour in phu quoc and hotel in da lat","context_available":true}
[2025-09-27 12:51:59] [INFO] Hybrid response generated successfully {"response_type":"tour_search","layout_type":"multi_city_tours","confidence":0.7000000000000001,"display_items":6}
[2025-09-27 12:51:59] [INFO] Conversation saved successfully {"userId":1,"title":"Tour In Phu Quoc And..."}
[2025-09-27 12:51:59] [INFO] Message processed successfully {"processing_time_ms":1002.33,"confidence":0.7000000000000001,"response_type":"tour_search","layout_type":"multi_city_tours","items_returned":10}
[2025-09-27 12:57:10] [INFO] RAG Chatbot initialized successfully {"userId":1,"components":{"database":"connected","gemini":"initialized","hybrid_retriever":"ready","response_generator":"ready"}}
[2025-09-27 12:57:10] [INFO] Processing message {"message":"tour in ha giang and hotel in can tho","history_count":5}
[2025-09-27 12:57:10] [INFO] Starting hybrid retrieval {"query":"tour in ha giang and hotel in can tho","intent":"mixed_search"}
[2025-09-27 12:57:10] [ERROR] Embedding generation failed {"error":"HTTP error: 503"}
[2025-09-27 12:57:10] [WARNING] Failed to generate query embedding 
[2025-09-27 12:57:10] [INFO] Hybrid retrieval completed successfully {"total_results":10,"confidence":0.7000000000000001,"retrieval_stats":{"semantic_results":0,"bm25_results":15,"sql_results":15,"final_results":10}}
[2025-09-27 12:57:10] [INFO] generateVietnameseResponse called {"userMessage":"tour in ha giang and hotel in can tho","context_length":1519,"metadata":{"match_level":"hybrid_match","confidence":0.7000000000000001}}
[2025-09-27 12:57:11] [ERROR] Gemini API error - generating fallback {"error_message":"HTTP error: 429","user_message":"tour in ha giang and hotel in can tho","context_available":true}
[2025-09-27 12:57:11] [INFO] Hybrid response generated successfully {"response_type":"tour_search","layout_type":"multi_city_tours","confidence":0.7000000000000001,"display_items":3}
[2025-09-27 12:57:11] [INFO] Conversation saved successfully {"userId":1,"title":"Tour In Ha Giang And..."}
[2025-09-27 12:57:11] [INFO] Message processed successfully {"processing_time_ms":1101.88,"confidence":0.7000000000000001,"response_type":"tour_search","layout_type":"multi_city_tours","items_returned":10}
[2025-09-27 12:58:40] [INFO] RAG Chatbot initialized successfully {"userId":1,"components":{"database":"connected","gemini":"initialized","hybrid_retriever":"ready","response_generator":"ready"}}
[2025-09-27 12:58:40] [INFO] Processing message {"message":"tour in ha giang and hotel in can tho","history_count":5}
[2025-09-27 12:58:40] [INFO] Starting hybrid retrieval {"query":"tour in ha giang and hotel in can tho","intent":"mixed_search"}
[2025-09-27 12:58:41] [WARNING] No vectors found in database 
[2025-09-27 12:58:41] [INFO] Hybrid retrieval completed successfully {"total_results":10,"confidence":0.7000000000000001,"retrieval_stats":{"semantic_results":0,"bm25_results":15,"sql_results":15,"final_results":10}}
[2025-09-27 12:58:41] [INFO] generateVietnameseResponse called {"userMessage":"tour in ha giang and hotel in can tho","context_length":1519,"metadata":{"match_level":"hybrid_match","confidence":0.7000000000000001}}
[2025-09-27 12:58:41] [ERROR] Gemini API error - generating fallback {"error_message":"HTTP error: 429","user_message":"tour in ha giang and hotel in can tho","context_available":true}
[2025-09-27 12:58:41] [INFO] Hybrid response generated successfully {"response_type":"tour_search","layout_type":"multi_city_tours","confidence":0.7000000000000001,"display_items":3}
[2025-09-27 12:58:41] [INFO] Conversation saved successfully {"userId":1,"title":"Tour In Ha Giang And..."}
[2025-09-27 12:58:41] [INFO] Message processed successfully {"processing_time_ms":1438.69,"confidence":0.7000000000000001,"response_type":"tour_search","layout_type":"multi_city_tours","items_returned":10}
[2025-09-27 13:03:16] [INFO] RAG Chatbot initialized successfully {"userId":1,"components":{"database":"connected","gemini":"initialized","hybrid_retriever":"ready","response_generator":"ready"}}
[2025-09-27 13:03:16] [INFO] Processing message {"message":"show tour in phu yen and hotel in ho chi minh","history_count":5}
[2025-09-27 13:03:16] [INFO] Starting hybrid retrieval {"query":"show tour in phu yen and hotel in ho chi minh","intent":"mixed_search"}
[2025-09-27 13:03:17] [WARNING] No vectors found in database 
[2025-09-27 13:03:17] [INFO] Hybrid retrieval completed successfully {"total_results":10,"confidence":0.7000000000000001,"retrieval_stats":{"semantic_results":0,"bm25_results":15,"sql_results":15,"final_results":10}}
[2025-09-27 13:03:17] [INFO] generateVietnameseResponse called {"userMessage":"show tour in phu yen and hotel in ho chi minh","context_length":1569,"metadata":{"match_level":"hybrid_match","confidence":0.7000000000000001}}
[2025-09-27 13:03:18] [ERROR] Gemini API error - generating fallback {"error_message":"HTTP error: 429","user_message":"show tour in phu yen and hotel in ho chi minh","context_available":true}
[2025-09-27 13:03:18] [INFO] Hybrid response generated successfully {"response_type":"tour_search","layout_type":"multi_city_tours","confidence":0.7000000000000001,"display_items":7}
[2025-09-27 13:03:18] [INFO] Conversation saved successfully {"userId":1,"title":"Sur In Phu Yen And..."}
[2025-09-27 13:03:18] [INFO] Message processed successfully {"processing_time_ms":2191.71,"confidence":0.7000000000000001,"response_type":"tour_search","layout_type":"multi_city_tours","items_returned":10}
[2025-09-27 13:56:06] [INFO] RAG Chatbot initialized successfully {"userId":1,"components":{"database":"connected","gemini":"initialized","hybrid_retriever":"ready","response_generator":"ready"}}
[2025-09-27 13:56:06] [INFO] Processing message {"message":"tour hoi an","history_count":1}
[2025-09-27 13:56:06] [INFO] Starting hybrid retrieval {"query":"tour hoi an","intent":"tour_search"}
[2025-09-27 13:56:06] [WARNING] No vectors found in database 
[2025-09-27 13:56:06] [INFO] Hybrid retrieval completed successfully {"total_results":6,"confidence":0.64,"retrieval_stats":{"semantic_results":0,"bm25_results":8,"sql_results":8,"final_results":6}}
[2025-09-27 13:56:06] [INFO] generateVietnameseResponse called {"userMessage":"tour hoi an","context_length":1244,"metadata":{"match_level":"hybrid_match","confidence":0.64}}
[2025-09-27 13:56:07] [ERROR] Gemini API error - generating fallback {"error_message":"HTTP error: 429","user_message":"tour hoi an","context_available":true}
[2025-09-27 13:56:07] [INFO] Hybrid response generated successfully {"response_type":"tour_search","layout_type":"single_tours","confidence":0.64,"display_items":6}
[2025-09-27 13:56:07] [INFO] Conversation saved successfully {"userId":1,"title":"Tour Hoi An"}
[2025-09-27 13:56:07] [INFO] Message processed successfully {"processing_time_ms":1022.04,"confidence":0.64,"response_type":"tour_search","layout_type":"single_tours","items_returned":6}
[2025-09-27 13:56:19] [INFO] RAG Chatbot initialized successfully {"userId":1,"components":{"database":"connected","gemini":"initialized","hybrid_retriever":"ready","response_generator":"ready"}}
[2025-09-27 13:56:19] [INFO] Processing message {"message":"hotel in phu yen","history_count":3}
[2025-09-27 13:56:19] [INFO] Starting hybrid retrieval {"query":"hotel in phu yen","intent":"hotel_search"}
[2025-09-27 13:56:19] [WARNING] No vectors found in database 
[2025-09-27 13:56:19] [INFO] Hybrid retrieval completed successfully {"total_results":6,"confidence":0.7000000000000001,"retrieval_stats":{"semantic_results":0,"bm25_results":10,"sql_results":10,"final_results":6}}
[2025-09-27 13:56:19] [INFO] generateVietnameseResponse called {"userMessage":"hotel in phu yen","context_length":826,"metadata":{"match_level":"hybrid_match","confidence":0.7000000000000001}}
[2025-09-27 13:56:20] [ERROR] Gemini API error - generating fallback {"error_message":"HTTP error: 429","user_message":"hotel in phu yen","context_available":true}
[2025-09-27 13:56:20] [INFO] Hybrid response generated successfully {"response_type":"hotel_search","layout_type":"single_hotels","confidence":0.7000000000000001,"display_items":6}
[2025-09-27 13:56:20] [INFO] Conversation saved successfully {"userId":1,"title":"Hotel In Phu Yen"}
[2025-09-27 13:56:20] [INFO] Message processed successfully {"processing_time_ms":940.92,"confidence":0.7000000000000001,"response_type":"hotel_search","layout_type":"single_hotels","items_returned":6}
[2025-09-27 13:56:36] [INFO] RAG Chatbot initialized successfully {"userId":1,"components":{"database":"connected","gemini":"initialized","hybrid_retriever":"ready","response_generator":"ready"}}
[2025-09-27 13:56:36] [INFO] Processing message {"message":"tour in ho chi minh and can tho","history_count":5}
[2025-09-27 13:56:36] [INFO] Starting hybrid retrieval {"query":"tour in ho chi minh and can tho","intent":"tour_search"}
[2025-09-27 13:56:37] [WARNING] No vectors found in database 
[2025-09-27 13:56:37] [INFO] Hybrid retrieval completed successfully {"total_results":7,"confidence":0.7000000000000001,"retrieval_stats":{"semantic_results":0,"bm25_results":15,"sql_results":15,"final_results":7}}
[2025-09-27 13:56:37] [INFO] generateVietnameseResponse called {"userMessage":"tour in ho chi minh and can tho","context_length":1180,"metadata":{"match_level":"hybrid_match","confidence":0.7000000000000001}}
[2025-09-27 13:56:37] [ERROR] Gemini API error - generating fallback {"error_message":"HTTP error: 429","user_message":"tour in ho chi minh and can tho","context_available":true}
[2025-09-27 13:56:37] [INFO] Hybrid response generated successfully {"response_type":"tour_search","layout_type":"multi_city_tours","confidence":0.7000000000000001,"display_items":6}
[2025-09-27 13:56:37] [INFO] Conversation saved successfully {"userId":1,"title":"Tour In Ho Chi Minh..."}
[2025-09-27 13:56:37] [INFO] Message processed successfully {"processing_time_ms":930.6,"confidence":0.7000000000000001,"response_type":"tour_search","layout_type":"multi_city_tours","items_returned":7}
[2025-09-27 13:56:50] [INFO] RAG Chatbot initialized successfully {"userId":1,"components":{"database":"connected","gemini":"initialized","hybrid_retriever":"ready","response_generator":"ready"}}
[2025-09-27 13:56:50] [INFO] Processing message {"message":"tour in ha noi and hotel in da lat","history_count":5}
[2025-09-27 13:56:50] [INFO] Starting hybrid retrieval {"query":"tour in ha noi and hotel in da lat","intent":"mixed_search"}
[2025-09-27 13:56:50] [ERROR] Embedding generation failed {"error":"HTTP error: 503"}
[2025-09-27 13:56:50] [WARNING] Failed to generate query embedding 
[2025-09-27 13:56:50] [INFO] Hybrid retrieval completed successfully {"total_results":10,"confidence":0.7000000000000001,"retrieval_stats":{"semantic_results":0,"bm25_results":15,"sql_results":15,"final_results":10}}
[2025-09-27 13:56:50] [INFO] generateVietnameseResponse called {"userMessage":"tour in ha noi and hotel in da lat","context_length":1506,"metadata":{"match_level":"hybrid_match","confidence":0.7000000000000001}}
[2025-09-27 13:56:51] [ERROR] Gemini API error - generating fallback {"error_message":"HTTP error: 503","user_message":"tour in ha noi and hotel in da lat","context_available":true}
[2025-09-27 13:56:51] [INFO] Hybrid response generated successfully {"response_type":"tour_search","layout_type":"multi_city_tours","confidence":0.7000000000000001,"display_items":5}
[2025-09-27 13:56:51] [INFO] Conversation saved successfully {"userId":1,"title":"Tour In Ha Noi And..."}
[2025-09-27 13:56:51] [INFO] Message processed successfully {"processing_time_ms":643.54,"confidence":0.7000000000000001,"response_type":"tour_search","layout_type":"multi_city_tours","items_returned":10}
[2025-09-27 14:01:44] [INFO] RAG Chatbot initialized successfully {"userId":1,"components":{"database":"connected","gemini":"initialized","hybrid_retriever":"ready","response_generator":"ready"}}
[2025-09-27 14:01:44] [INFO] Processing message {"message":"tour in ha noi","history_count":5}
[2025-09-27 14:01:44] [INFO] Starting hybrid retrieval {"query":"tour in ha noi","intent":"tour_search"}
[2025-09-27 14:01:44] [WARNING] No vectors found in database 
[2025-09-27 14:01:44] [INFO] Hybrid retrieval completed successfully {"total_results":6,"confidence":0.64,"retrieval_stats":{"semantic_results":0,"bm25_results":8,"sql_results":8,"final_results":6}}
[2025-09-27 14:01:44] [INFO] generateVietnameseResponse called {"userMessage":"tour in ha noi","context_length":973,"metadata":{"match_level":"hybrid_match","confidence":0.64}}
[2025-09-27 14:01:45] [ERROR] Gemini API error - generating fallback {"error_message":"HTTP error: 429","user_message":"tour in ha noi","context_available":true}
[2025-09-27 14:01:45] [INFO] Hybrid response generated successfully {"response_type":"tour_search","layout_type":"single_tours","confidence":0.64,"display_items":6}
[2025-09-27 14:01:45] [INFO] Conversation saved successfully {"userId":1,"title":"Tour In Ha Noi"}
[2025-09-27 14:01:45] [INFO] Message processed successfully {"processing_time_ms":1194.39,"confidence":0.64,"response_type":"tour_search","layout_type":"single_tours","items_returned":6}
[2025-09-27 14:01:52] [INFO] RAG Chatbot initialized successfully {"userId":1,"components":{"database":"connected","gemini":"initialized","hybrid_retriever":"ready","response_generator":"ready"}}
[2025-09-27 14:01:52] [INFO] Processing message {"message":"tour in ha noi and can tho","history_count":5}
[2025-09-27 14:01:52] [INFO] Starting hybrid retrieval {"query":"tour in ha noi and can tho","intent":"tour_search"}
[2025-09-27 14:01:53] [WARNING] No vectors found in database 
[2025-09-27 14:01:53] [INFO] Hybrid retrieval completed successfully {"total_results":7,"confidence":0.7000000000000001,"retrieval_stats":{"semantic_results":0,"bm25_results":15,"sql_results":15,"final_results":7}}
[2025-09-27 14:01:53] [INFO] generateVietnameseResponse called {"userMessage":"tour in ha noi and can tho","context_length":1109,"metadata":{"match_level":"hybrid_match","confidence":0.7000000000000001}}
[2025-09-27 14:01:54] [ERROR] Gemini API error - generating fallback {"error_message":"HTTP error: 429","user_message":"tour in ha noi and can tho","context_available":true}
[2025-09-27 14:01:54] [INFO] Hybrid response generated successfully {"response_type":"tour_search","layout_type":"multi_city_tours","confidence":0.7000000000000001,"display_items":6}
[2025-09-27 14:01:54] [INFO] Conversation saved successfully {"userId":1,"title":"Tour In Ha Noi And..."}
[2025-09-27 14:01:54] [INFO] Message processed successfully {"processing_time_ms":1296.15,"confidence":0.7000000000000001,"response_type":"tour_search","layout_type":"multi_city_tours","items_returned":7}
[2025-09-27 14:02:04] [INFO] RAG Chatbot initialized successfully {"userId":1,"components":{"database":"connected","gemini":"initialized","hybrid_retriever":"ready","response_generator":"ready"}}
[2025-09-27 14:02:04] [INFO] Processing message {"message":"tour in ha giang and hotel in phu yen","history_count":5}
[2025-09-27 14:02:04] [INFO] Starting hybrid retrieval {"query":"tour in ha giang and hotel in phu yen","intent":"mixed_search"}
[2025-09-27 14:02:05] [WARNING] No vectors found in database 
[2025-09-27 14:02:05] [INFO] Hybrid retrieval completed successfully {"total_results":10,"confidence":0.7000000000000001,"retrieval_stats":{"semantic_results":0,"bm25_results":15,"sql_results":15,"final_results":10}}
[2025-09-27 14:02:05] [INFO] generateVietnameseResponse called {"userMessage":"tour in ha giang and hotel in phu yen","context_length":1405,"metadata":{"match_level":"hybrid_match","confidence":0.7000000000000001}}
[2025-09-27 14:02:06] [ERROR] Gemini API error - generating fallback {"error_message":"HTTP error: 429","user_message":"tour in ha giang and hotel in phu yen","context_available":true}
[2025-09-27 14:02:06] [INFO] Hybrid response generated successfully {"response_type":"tour_search","layout_type":"multi_city_tours","confidence":0.7000000000000001,"display_items":2}
[2025-09-27 14:02:06] [INFO] Conversation saved successfully {"userId":1,"title":"Tour In Ha Giang And..."}
[2025-09-27 14:02:06] [INFO] Message processed successfully {"processing_time_ms":1665.19,"confidence":0.7000000000000001,"response_type":"tour_search","layout_type":"multi_city_tours","items_returned":10}
[2025-09-27 14:02:49] [INFO] RAG Chatbot initialized successfully {"userId":1,"components":{"database":"connected","gemini":"initialized","hybrid_retriever":"ready","response_generator":"ready"}}
[2025-09-27 14:02:49] [INFO] Processing message {"message":"tour in ho chi minh","history_count":5}
[2025-09-27 14:02:49] [INFO] Starting hybrid retrieval {"query":"tour in ho chi minh","intent":"tour_search"}
[2025-09-27 14:02:50] [WARNING] No vectors found in database 
[2025-09-27 14:02:50] [INFO] Hybrid retrieval completed successfully {"total_results":6,"confidence":0.64,"retrieval_stats":{"semantic_results":0,"bm25_results":8,"sql_results":8,"final_results":6}}
[2025-09-27 14:02:50] [INFO] generateVietnameseResponse called {"userMessage":"tour in ho chi minh","context_length":1070,"metadata":{"match_level":"hybrid_match","confidence":0.64}}
[2025-09-27 14:02:51] [ERROR] Gemini API error - generating fallback {"error_message":"HTTP error: 429","user_message":"tour in ho chi minh","context_available":true}
[2025-09-27 14:02:51] [INFO] Hybrid response generated successfully {"response_type":"tour_search","layout_type":"single_tours","confidence":0.64,"display_items":6}
[2025-09-27 14:02:51] [INFO] Conversation saved successfully {"userId":1,"title":"Tour In Ho Chi Minh"}
[2025-09-27 14:02:51] [INFO] Message processed successfully {"processing_time_ms":1847.93,"confidence":0.64,"response_type":"tour_search","layout_type":"single_tours","items_returned":6}
[2025-09-27 14:03:00] [INFO] RAG Chatbot initialized successfully {"userId":1,"components":{"database":"connected","gemini":"initialized","hybrid_retriever":"ready","response_generator":"ready"}}
[2025-09-27 14:03:00] [INFO] Processing message {"message":"tour in ha noi and da lat","history_count":5}
[2025-09-27 14:03:00] [INFO] Starting hybrid retrieval {"query":"tour in ha noi and da lat","intent":"tour_search"}
[2025-09-27 14:03:01] [WARNING] No vectors found in database 
[2025-09-27 14:03:01] [INFO] Hybrid retrieval completed successfully {"total_results":7,"confidence":0.7000000000000001,"retrieval_stats":{"semantic_results":0,"bm25_results":15,"sql_results":15,"final_results":7}}
[2025-09-27 14:03:01] [INFO] generateVietnameseResponse called {"userMessage":"tour in ha noi and da lat","context_length":1148,"metadata":{"match_level":"hybrid_match","confidence":0.7000000000000001}}
[2025-09-27 14:03:01] [ERROR] Gemini API error - generating fallback {"error_message":"HTTP error: 429","user_message":"tour in ha noi and da lat","context_available":true}
[2025-09-27 14:03:01] [INFO] Hybrid response generated successfully {"response_type":"tour_search","layout_type":"multi_city_tours","confidence":0.7000000000000001,"display_items":6}
[2025-09-27 14:03:01] [INFO] Conversation saved successfully {"userId":1,"title":"Tour In Ha Noi And..."}
[2025-09-27 14:03:01] [INFO] Message processed successfully {"processing_time_ms":1344.33,"confidence":0.7000000000000001,"response_type":"tour_search","layout_type":"multi_city_tours","items_returned":7}
[2025-09-27 14:06:44] [INFO] RAG Chatbot initialized successfully {"userId":1,"components":{"database":"connected","gemini":"initialized","hybrid_retriever":"ready","response_generator":"ready"}}
[2025-09-27 14:06:44] [INFO] Processing message {"message":"tour in da lat","history_count":5}
[2025-09-27 14:06:44] [INFO] Starting hybrid retrieval {"query":"tour in da lat","intent":"tour_search"}
[2025-09-27 14:06:45] [WARNING] No vectors found in database 
[2025-09-27 14:06:45] [INFO] Hybrid retrieval completed successfully {"total_results":6,"confidence":0.64,"retrieval_stats":{"semantic_results":0,"bm25_results":8,"sql_results":8,"final_results":6}}
[2025-09-27 14:06:45] [INFO] generateVietnameseResponse called {"userMessage":"tour in da lat","context_length":1109,"metadata":{"match_level":"hybrid_match","confidence":0.64}}
[2025-09-27 14:06:46] [ERROR] Gemini API error - generating fallback {"error_message":"HTTP error: 429","user_message":"tour in da lat","context_available":true}
[2025-09-27 14:06:46] [INFO] Hybrid response generated successfully {"response_type":"tour_search","layout_type":"single_tours","confidence":0.64,"display_items":6}
[2025-09-27 14:06:46] [INFO] Conversation saved successfully {"userId":1,"title":"Tour In Da Lat"}
[2025-09-27 14:06:46] [INFO] Message processed successfully {"processing_time_ms":1953.97,"confidence":0.64,"response_type":"tour_search","layout_type":"single_tours","items_returned":6}
[2025-09-27 14:06:50] [INFO] RAG Chatbot initialized successfully {"userId":1,"components":{"database":"connected","gemini":"initialized","hybrid_retriever":"ready","response_generator":"ready"}}
[2025-09-27 14:06:50] [INFO] Processing message {"message":"hotel in phu quoc","history_count":5}
[2025-09-27 14:06:50] [INFO] Starting hybrid retrieval {"query":"hotel in phu quoc","intent":"hotel_search"}
[2025-09-27 14:06:52] [WARNING] No vectors found in database 
[2025-09-27 14:06:52] [INFO] Hybrid retrieval completed successfully {"total_results":6,"confidence":0.7000000000000001,"retrieval_stats":{"semantic_results":0,"bm25_results":10,"sql_results":10,"final_results":6}}
[2025-09-27 14:06:52] [INFO] generateVietnameseResponse called {"userMessage":"hotel in phu quoc","context_length":844,"metadata":{"match_level":"hybrid_match","confidence":0.7000000000000001}}
[2025-09-27 14:06:53] [ERROR] Gemini API error - generating fallback {"error_message":"HTTP error: 429","user_message":"hotel in phu quoc","context_available":true}
[2025-09-27 14:06:53] [INFO] Hybrid response generated successfully {"response_type":"hotel_search","layout_type":"single_hotels","confidence":0.7000000000000001,"display_items":6}
[2025-09-27 14:06:53] [INFO] Conversation saved successfully {"userId":1,"title":"Hotel In Phu Quoc"}
[2025-09-27 14:06:53] [INFO] Message processed successfully {"processing_time_ms":2879.18,"confidence":0.7000000000000001,"response_type":"hotel_search","layout_type":"single_hotels","items_returned":6}
[2025-09-27 14:07:01] [INFO] RAG Chatbot initialized successfully {"userId":1,"components":{"database":"connected","gemini":"initialized","hybrid_retriever":"ready","response_generator":"ready"}}
[2025-09-27 14:07:01] [INFO] Processing message {"message":"hotel in ha giang and tour in ha noi","history_count":5}
[2025-09-27 14:07:01] [INFO] Starting hybrid retrieval {"query":"hotel in ha giang and tour in ha noi","intent":"mixed_search"}
[2025-09-27 14:07:02] [WARNING] No vectors found in database 
[2025-09-27 14:07:02] [INFO] Hybrid retrieval completed successfully {"total_results":10,"confidence":0.7000000000000001,"retrieval_stats":{"semantic_results":0,"bm25_results":15,"sql_results":15,"final_results":10}}
[2025-09-27 14:07:02] [INFO] generateVietnameseResponse called {"userMessage":"hotel in ha giang and tour in ha noi","context_length":1620,"metadata":{"match_level":"hybrid_match","confidence":0.7000000000000001}}
[2025-09-27 14:07:02] [ERROR] Gemini API error - generating fallback {"error_message":"HTTP error: 429","user_message":"hotel in ha giang and tour in ha noi","context_available":true}
[2025-09-27 14:07:02] [INFO] Hybrid response generated successfully {"response_type":"tour_search","layout_type":"multi_city_tours","confidence":0.7000000000000001,"display_items":5}
[2025-09-27 14:07:02] [INFO] Conversation saved successfully {"userId":1,"title":"Hotel In Ha Giang And..."}
[2025-09-27 14:07:02] [INFO] Message processed successfully {"processing_time_ms":947.14,"confidence":0.7000000000000001,"response_type":"tour_search","layout_type":"multi_city_tours","items_returned":10}
[2025-09-27 14:07:28] [INFO] RAG Chatbot initialized successfully {"userId":1,"components":{"database":"connected","gemini":"initialized","hybrid_retriever":"ready","response_generator":"ready"}}
[2025-09-27 14:07:28] [INFO] Processing message {"message":"tour in ha giang and hue with duration 4 days","history_count":5}
[2025-09-27 14:07:28] [INFO] Starting hybrid retrieval {"query":"tour in ha giang and hue with duration 4 days","intent":"tour_search"}
[2025-09-27 14:07:29] [WARNING] No vectors found in database 
[2025-09-27 14:07:29] [INFO] Hybrid retrieval completed successfully {"total_results":6,"confidence":0.58,"retrieval_stats":{"semantic_results":0,"bm25_results":6,"sql_results":6,"final_results":6}}
[2025-09-27 14:07:29] [INFO] generateVietnameseResponse called {"userMessage":"tour in ha giang and hue with duration 4 days","context_length":1274,"metadata":{"match_level":"hybrid_match","confidence":0.58}}
[2025-09-27 14:07:29] [ERROR] Gemini API error - generating fallback {"error_message":"HTTP error: 429","user_message":"tour in ha giang and hue with duration 4 days","context_available":true}
[2025-09-27 14:07:29] [INFO] Hybrid response generated successfully {"response_type":"tour_search","layout_type":"multi_city_tours","confidence":0.58,"display_items":4}
[2025-09-27 14:07:29] [INFO] Conversation saved successfully {"userId":1,"title":"Tour In Ha Giang And..."}
[2025-09-27 14:07:29] [INFO] Message processed successfully {"processing_time_ms":919.76,"confidence":0.58,"response_type":"tour_search","layout_type":"multi_city_tours","items_returned":6}
[2025-09-27 14:17:44] [INFO] RAG Chatbot initialized successfully {"userId":1,"components":{"database":"connected","gemini":"initialized","hybrid_retriever":"ready","response_generator":"ready"}}
[2025-09-27 14:17:44] [INFO] Processing message {"message":"tour in ha noi and da lat","history_count":5}
[2025-09-27 14:17:44] [INFO] Starting hybrid retrieval {"query":"tour in ha noi and da lat","intent":"tour_search"}
[2025-09-27 14:17:45] [WARNING] No vectors found in database 
[2025-09-27 14:17:45] [INFO] Hybrid retrieval completed successfully {"total_results":7,"confidence":0.7000000000000001,"retrieval_stats":{"semantic_results":0,"bm25_results":15,"sql_results":15,"final_results":7}}
[2025-09-27 14:17:45] [INFO] generateVietnameseResponse called {"userMessage":"tour in ha noi and da lat","context_length":1148,"metadata":{"match_level":"hybrid_match","confidence":0.7000000000000001}}
[2025-09-27 14:17:46] [ERROR] Gemini API error - generating fallback {"error_message":"HTTP error: 429","user_message":"tour in ha noi and da lat","context_available":true}
[2025-09-27 14:17:46] [INFO] Hybrid response generated successfully {"response_type":"tour_search","layout_type":"multi_city_tours","confidence":0.7000000000000001,"display_items":6}
[2025-09-27 14:17:46] [INFO] Conversation saved successfully {"userId":1,"title":"Tour In Ha Noi And..."}
[2025-09-27 14:17:46] [INFO] Message processed successfully {"processing_time_ms":1882.16,"confidence":0.7000000000000001,"response_type":"tour_search","layout_type":"multi_city_tours","items_returned":7}
[2025-09-27 14:17:58] [INFO] RAG Chatbot initialized successfully {"userId":1,"components":{"database":"connected","gemini":"initialized","hybrid_retriever":"ready","response_generator":"ready"}}
[2025-09-27 14:17:58] [INFO] Processing message {"message":"show tour in da nang and hoi an","history_count":1}
[2025-09-27 14:17:58] [INFO] Starting hybrid retrieval {"query":"show tour in da nang and hoi an","intent":"tour_search"}
[2025-09-27 14:17:58] [WARNING] No vectors found in database 
[2025-09-27 14:17:58] [INFO] Hybrid retrieval completed successfully {"total_results":7,"confidence":0.7000000000000001,"retrieval_stats":{"semantic_results":0,"bm25_results":15,"sql_results":15,"final_results":7}}
[2025-09-27 14:17:58] [INFO] generateVietnameseResponse called {"userMessage":"show tour in da nang and hoi an","context_length":1346,"metadata":{"match_level":"hybrid_match","confidence":0.7000000000000001}}
[2025-09-27 14:17:59] [ERROR] Gemini API error - generating fallback {"error_message":"HTTP error: 429","user_message":"show tour in da nang and hoi an","context_available":true}
[2025-09-27 14:17:59] [INFO] Hybrid response generated successfully {"response_type":"tour_search","layout_type":"multi_city_tours","confidence":0.7000000000000001,"display_items":5}
[2025-09-27 14:17:59] [INFO] Conversation saved successfully {"userId":1,"title":"Sur In Da Nang And..."}
[2025-09-27 14:17:59] [INFO] Message processed successfully {"processing_time_ms":885.53,"confidence":0.7000000000000001,"response_type":"tour_search","layout_type":"multi_city_tours","items_returned":7}
[2025-09-27 14:18:21] [INFO] RAG Chatbot initialized successfully {"userId":1,"components":{"database":"connected","gemini":"initialized","hybrid_retriever":"ready","response_generator":"ready"}}
[2025-09-27 14:18:21] [INFO] Processing message {"message":"tour nha trang","history_count":3}
[2025-09-27 14:18:21] [INFO] Starting hybrid retrieval {"query":"tour nha trang","intent":"tour_search"}
[2025-09-27 14:18:22] [WARNING] No vectors found in database 
[2025-09-27 14:18:22] [INFO] Hybrid retrieval completed successfully {"total_results":6,"confidence":0.64,"retrieval_stats":{"semantic_results":0,"bm25_results":8,"sql_results":8,"final_results":6}}
[2025-09-27 14:18:22] [INFO] generateVietnameseResponse called {"userMessage":"tour nha trang","context_length":1115,"metadata":{"match_level":"hybrid_match","confidence":0.64}}
[2025-09-27 14:18:22] [ERROR] Gemini API error - generating fallback {"error_message":"HTTP error: 429","user_message":"tour nha trang","context_available":true}
[2025-09-27 14:18:22] [INFO] Hybrid response generated successfully {"response_type":"tour_search","layout_type":"single_tours","confidence":0.64,"display_items":6}
[2025-09-27 14:18:22] [INFO] Conversation saved successfully {"userId":1,"title":"Tour Nha Trang"}
[2025-09-27 14:18:22] [INFO] Message processed successfully {"processing_time_ms":880.1,"confidence":0.64,"response_type":"tour_search","layout_type":"single_tours","items_returned":6}
[2025-09-27 14:23:26] [INFO] RAG Chatbot initialized successfully {"userId":1,"components":{"database":"connected","gemini":"initialized","hybrid_retriever":"ready","response_generator":"ready"}}
[2025-09-27 14:23:26] [INFO] Processing message {"message":"tour in ha giang and tay bac","history_count":5}
[2025-09-27 14:23:26] [INFO] Starting hybrid retrieval {"query":"tour in ha giang and tay bac","intent":"tour_search"}
[2025-09-27 14:23:26] [WARNING] No vectors found in database 
[2025-09-27 14:23:26] [INFO] Hybrid retrieval completed successfully {"total_results":7,"confidence":0.7000000000000001,"retrieval_stats":{"semantic_results":0,"bm25_results":15,"sql_results":15,"final_results":7}}
[2025-09-27 14:23:26] [INFO] generateVietnameseResponse called {"userMessage":"tour in ha giang and tay bac","context_length":1377,"metadata":{"match_level":"hybrid_match","confidence":0.7000000000000001}}
[2025-09-27 14:23:27] [ERROR] Gemini API error - generating fallback {"error_message":"HTTP error: 429","user_message":"tour in ha giang and tay bac","context_available":true}
[2025-09-27 14:23:27] [INFO] Hybrid response generated successfully {"response_type":"tour_search","layout_type":"multi_city_tours","confidence":0.7000000000000001,"display_items":6}
[2025-09-27 14:23:27] [INFO] Conversation saved successfully {"userId":1,"title":"Tour In Ha Giang And..."}
[2025-09-27 14:23:27] [INFO] Message processed successfully {"processing_time_ms":966.65,"confidence":0.7000000000000001,"response_type":"tour_search","layout_type":"multi_city_tours","items_returned":7}
[2025-09-27 14:33:13] [INFO] RAG Chatbot initialized successfully {"userId":1,"components":{"database":"connected","gemini":"initialized","hybrid_retriever":"ready","response_generator":"ready"}}
[2025-09-27 14:33:13] [INFO] Processing message {"message":"tour in ha giang","history_count":3}
[2025-09-27 14:33:13] [INFO] Starting hybrid retrieval {"query":"tour in ha giang","intent":"tour_search"}
[2025-09-27 14:33:14] [WARNING] No vectors found in database 
[2025-09-27 14:33:14] [INFO] Hybrid retrieval completed successfully {"total_results":6,"confidence":0.64,"retrieval_stats":{"semantic_results":0,"bm25_results":8,"sql_results":8,"final_results":6}}
[2025-09-27 14:33:14] [INFO] generateVietnameseResponse called {"userMessage":"tour in ha giang","context_length":1252,"metadata":{"match_level":"hybrid_match","confidence":0.64}}
[2025-09-27 14:33:14] [ERROR] Gemini API error - generating fallback {"error_message":"HTTP error: 429","user_message":"tour in ha giang","context_available":true}
[2025-09-27 14:33:14] [INFO] Hybrid response generated successfully {"response_type":"tour_search","layout_type":"single_tours","confidence":0.64,"display_items":6}
[2025-09-27 14:33:14] [INFO] Conversation saved successfully {"userId":1,"title":"Tour In Ha Giang"}
[2025-09-27 14:33:14] [INFO] Message processed successfully {"processing_time_ms":1007.97,"confidence":0.64,"response_type":"tour_search","layout_type":"single_tours","items_returned":6}
[2025-09-27 14:42:34] [INFO] RAG Chatbot initialized successfully {"userId":1,"components":{"database":"connected","gemini":"initialized","hybrid_retriever":"ready","response_generator":"ready"}}
[2025-09-27 14:42:34] [INFO] Processing message {"message":"tour in da nang","history_count":1}
[2025-09-27 14:42:34] [INFO] Starting hybrid retrieval {"query":"tour in da nang","intent":"tour_search"}
[2025-09-27 14:42:34] [WARNING] No vectors found in database 
[2025-09-27 14:42:34] [INFO] Hybrid retrieval completed successfully {"total_results":6,"confidence":0.64,"retrieval_stats":{"semantic_results":0,"bm25_results":8,"sql_results":8,"final_results":6}}
[2025-09-27 14:42:34] [INFO] generateVietnameseResponse called {"userMessage":"tour in da nang","context_length":1205,"metadata":{"match_level":"hybrid_match","confidence":0.64}}
[2025-09-27 14:42:35] [ERROR] Gemini API error - generating fallback {"error_message":"HTTP error: 429","user_message":"tour in da nang","context_available":true}
[2025-09-27 14:42:35] [INFO] Hybrid response generated successfully {"response_type":"tour_search","layout_type":"single_tours","confidence":0.64,"display_items":6}
[2025-09-27 14:42:35] [INFO] Conversation saved successfully {"userId":1,"title":"Tour In Da Nang"}
[2025-09-27 14:42:35] [INFO] Message processed successfully {"processing_time_ms":963.06,"confidence":0.64,"response_type":"tour_search","layout_type":"single_tours","items_returned":6}
[2025-09-27 14:42:45] [INFO] RAG Chatbot initialized successfully {"userId":1,"components":{"database":"connected","gemini":"initialized","hybrid_retriever":"ready","response_generator":"ready"}}
[2025-09-27 14:42:45] [INFO] Processing message {"message":"tour in da lat and nha trang","history_count":3}
[2025-09-27 14:42:45] [INFO] Starting hybrid retrieval {"query":"tour in da lat and nha trang","intent":"tour_search"}
[2025-09-27 14:42:46] [WARNING] No vectors found in database 
[2025-09-27 14:42:46] [INFO] Hybrid retrieval completed successfully {"total_results":7,"confidence":0.7000000000000001,"retrieval_stats":{"semantic_results":0,"bm25_results":15,"sql_results":15,"final_results":7}}
[2025-09-27 14:42:46] [INFO] generateVietnameseResponse called {"userMessage":"tour in da lat and nha trang","context_length":1339,"metadata":{"match_level":"hybrid_match","confidence":0.7000000000000001}}
[2025-09-27 14:42:47] [ERROR] Gemini API error - generating fallback {"error_message":"HTTP error: 429","user_message":"tour in da lat and nha trang","context_available":true}
[2025-09-27 14:42:47] [INFO] Hybrid response generated successfully {"response_type":"tour_search","layout_type":"multi_city_tours","confidence":0.7000000000000001,"display_items":5}
[2025-09-27 14:42:47] [INFO] Conversation saved successfully {"userId":1,"title":"Tour In Da Lat And..."}
[2025-09-27 14:42:47] [INFO] Message processed successfully {"processing_time_ms":1212.3,"confidence":0.7000000000000001,"response_type":"tour_search","layout_type":"multi_city_tours","items_returned":7}
[2025-09-27 14:43:04] [INFO] RAG Chatbot initialized successfully {"userId":1,"components":{"database":"connected","gemini":"initialized","hybrid_retriever":"ready","response_generator":"ready"}}
[2025-09-27 14:43:04] [INFO] Processing message {"message":"hotel in da lat and phu quoc","history_count":5}
[2025-09-27 14:43:04] [INFO] Starting hybrid retrieval {"query":"hotel in da lat and phu quoc","intent":"hotel_search"}
[2025-09-27 14:43:05] [WARNING] No vectors found in database 
[2025-09-27 14:43:05] [INFO] Hybrid retrieval completed successfully {"total_results":7,"confidence":0.7000000000000001,"retrieval_stats":{"semantic_results":0,"bm25_results":15,"sql_results":15,"final_results":7}}
[2025-09-27 14:43:05] [INFO] generateVietnameseResponse called {"userMessage":"hotel in da lat and phu quoc","context_length":962,"metadata":{"match_level":"hybrid_match","confidence":0.7000000000000001}}
[2025-09-27 14:43:05] [ERROR] Gemini API error - generating fallback {"error_message":"HTTP error: 429","user_message":"hotel in da lat and phu quoc","context_available":true}
[2025-09-27 14:43:05] [INFO] Hybrid response generated successfully {"response_type":"hotel_search","layout_type":"multi_city_hotels","confidence":0.7000000000000001,"display_items":6}
[2025-09-27 14:43:05] [INFO] Conversation saved successfully {"userId":1,"title":"Hotel In Da Lat And..."}
[2025-09-27 14:43:05] [INFO] Message processed successfully {"processing_time_ms":1301.02,"confidence":0.7000000000000001,"response_type":"hotel_search","layout_type":"multi_city_hotels","items_returned":7}
[2025-09-27 14:45:00] [INFO] RAG Chatbot initialized successfully {"userId":1,"components":{"database":"connected","gemini":"initialized","hybrid_retriever":"ready","response_generator":"ready"}}
[2025-09-27 14:45:00] [INFO] Processing message {"message":"tour in nha trang and hotel in phu quoc","history_count":5}
[2025-09-27 14:45:00] [INFO] Starting hybrid retrieval {"query":"tour in nha trang and hotel in phu quoc","intent":"mixed_search"}
[2025-09-27 14:45:01] [WARNING] No vectors found in database 
[2025-09-27 14:45:01] [INFO] Hybrid retrieval completed successfully {"total_results":10,"confidence":0.7000000000000001,"retrieval_stats":{"semantic_results":0,"bm25_results":15,"sql_results":15,"final_results":10}}
[2025-09-27 14:45:01] [INFO] generateVietnameseResponse called {"userMessage":"tour in nha trang and hotel in phu quoc","context_length":1806,"metadata":{"match_level":"hybrid_match","confidence":0.7000000000000001}}
[2025-09-27 14:45:01] [ERROR] Gemini API error - generating fallback {"error_message":"HTTP error: 429","user_message":"tour in nha trang and hotel in phu quoc","context_available":true}
[2025-09-27 14:45:01] [INFO] Hybrid response generated successfully {"response_type":"tour_search","layout_type":"multi_city_tours","confidence":0.7000000000000001,"display_items":7}
[2025-09-27 14:45:01] [INFO] Conversation saved successfully {"userId":1,"title":"Tour In Nha Trang And..."}
[2025-09-27 14:45:01] [INFO] Message processed successfully {"processing_time_ms":899.75,"confidence":0.7000000000000001,"response_type":"tour_search","layout_type":"multi_city_tours","items_returned":10}
[2025-09-27 14:55:02] [INFO] RAG Chatbot initialized successfully {"userId":1,"components":{"database":"connected","gemini":"initialized","hybrid_retriever":"ready","response_generator":"ready"}}
[2025-09-27 14:55:02] [INFO] Processing message {"message":"show tour in hoi an and hue","history_count":5}
[2025-09-27 14:55:02] [INFO] Starting hybrid retrieval {"query":"show tour in hoi an and hue","intent":"tour_search"}
[2025-09-27 14:55:03] [WARNING] No vectors found in database 
[2025-09-27 14:55:03] [INFO] Hybrid retrieval completed successfully {"total_results":7,"confidence":0.7000000000000001,"retrieval_stats":{"semantic_results":0,"bm25_results":15,"sql_results":15,"final_results":7}}
[2025-09-27 14:55:03] [INFO] generateVietnameseResponse called {"userMessage":"show tour in hoi an and hue","context_length":1242,"metadata":{"match_level":"hybrid_match","confidence":0.7000000000000001}}
[2025-09-27 14:55:03] [ERROR] Gemini API error - generating fallback {"error_message":"HTTP error: 503","user_message":"show tour in hoi an and hue","context_available":true}
[2025-09-27 14:55:03] [INFO] Hybrid response generated successfully {"response_type":"tour_search","layout_type":"multi_city_tours","confidence":0.7000000000000001,"display_items":7}
[2025-09-27 14:55:03] [INFO] Conversation saved successfully {"userId":1,"title":"Sur In Hoi An And..."}
[2025-09-27 14:55:03] [INFO] Message processed successfully {"processing_time_ms":1737.03,"confidence":0.7000000000000001,"response_type":"tour_search","layout_type":"multi_city_tours","items_returned":7}
[2025-09-27 14:55:16] [INFO] RAG Chatbot initialized successfully {"userId":1,"components":{"database":"connected","gemini":"initialized","hybrid_retriever":"ready","response_generator":"ready"}}
[2025-09-27 14:55:16] [INFO] Processing message {"message":"show tour in hue and hoi an","history_count":1}
[2025-09-27 14:55:16] [INFO] Starting hybrid retrieval {"query":"show tour in hue and hoi an","intent":"tour_search"}
[2025-09-27 14:55:18] [ERROR] Embedding generation failed {"error":"HTTP error: 503"}
[2025-09-27 14:55:18] [WARNING] Failed to generate query embedding 
[2025-09-27 14:55:18] [INFO] Hybrid retrieval completed successfully {"total_results":7,"confidence":0.7000000000000001,"retrieval_stats":{"semantic_results":0,"bm25_results":15,"sql_results":15,"final_results":7}}
[2025-09-27 14:55:18] [INFO] generateVietnameseResponse called {"userMessage":"show tour in hue and hoi an","context_length":1242,"metadata":{"match_level":"hybrid_match","confidence":0.7000000000000001}}
[2025-09-27 14:55:19] [ERROR] Gemini API error - generating fallback {"error_message":"HTTP error: 429","user_message":"show tour in hue and hoi an","context_available":true}
[2025-09-27 14:55:19] [INFO] Hybrid response generated successfully {"response_type":"tour_search","layout_type":"multi_city_tours","confidence":0.7000000000000001,"display_items":7}
[2025-09-27 14:55:19] [INFO] Conversation saved successfully {"userId":1,"title":"Sur In Hue And Hoi..."}
[2025-09-27 14:55:19] [INFO] Message processed successfully {"processing_time_ms":2225.94,"confidence":0.7000000000000001,"response_type":"tour_search","layout_type":"multi_city_tours","items_returned":7}
[2025-09-27 15:00:16] [INFO] RAG Chatbot initialized successfully {"userId":1,"components":{"database":"connected","gemini":"initialized","hybrid_retriever":"ready","response_generator":"ready"}}
[2025-09-27 15:00:16] [INFO] Processing message {"message":"show tour in ha giang and hue","history_count":2}
[2025-09-27 15:00:16] [INFO] Starting hybrid retrieval {"query":"show tour in ha giang and hue","intent":"tour_search"}
[2025-09-27 15:00:16] [WARNING] No vectors found in database 
[2025-09-27 15:00:16] [INFO] Hybrid retrieval completed successfully {"total_results":7,"confidence":0.7000000000000001,"retrieval_stats":{"semantic_results":0,"bm25_results":15,"sql_results":15,"final_results":7}}
[2025-09-27 15:00:16] [INFO] generateVietnameseResponse called {"userMessage":"show tour in ha giang and hue","context_length":1341,"metadata":{"match_level":"hybrid_match","confidence":0.7000000000000001}}
[2025-09-27 15:00:17] [ERROR] Gemini API error - generating fallback {"error_message":"HTTP error: 429","user_message":"show tour in ha giang and hue","context_available":true}
[2025-09-27 15:00:17] [INFO] Hybrid response generated successfully {"response_type":"tour_search","layout_type":"multi_city_tours","confidence":0.7000000000000001,"display_items":7}
[2025-09-27 15:00:17] [INFO] Conversation saved successfully {"userId":1,"title":"Sur In Ha Giang And..."}
[2025-09-27 15:00:17] [INFO] Message processed successfully {"processing_time_ms":1170.85,"confidence":0.7000000000000001,"response_type":"tour_search","layout_type":"multi_city_tours","items_returned":7}
[2025-09-27 15:00:28] [INFO] RAG Chatbot initialized successfully {"userId":1,"components":{"database":"connected","gemini":"initialized","hybrid_retriever":"ready","response_generator":"ready"}}
[2025-09-27 15:00:28] [INFO] Processing message {"message":"tour in da lat","history_count":1}
[2025-09-27 15:00:28] [INFO] Starting hybrid retrieval {"query":"tour in da lat","intent":"tour_search"}
[2025-09-27 15:00:28] [WARNING] No vectors found in database 
[2025-09-27 15:00:28] [INFO] Hybrid retrieval completed successfully {"total_results":6,"confidence":0.64,"retrieval_stats":{"semantic_results":0,"bm25_results":8,"sql_results":8,"final_results":6}}
[2025-09-27 15:00:28] [INFO] generateVietnameseResponse called {"userMessage":"tour in da lat","context_length":1109,"metadata":{"match_level":"hybrid_match","confidence":0.64}}
[2025-09-27 15:00:29] [ERROR] Gemini API error - generating fallback {"error_message":"HTTP error: 429","user_message":"tour in da lat","context_available":true}
[2025-09-27 15:00:29] [INFO] Hybrid response generated successfully {"response_type":"tour_search","layout_type":"single_tours","confidence":0.64,"display_items":6}
[2025-09-27 15:00:29] [INFO] Conversation saved successfully {"userId":1,"title":"Tour In Da Lat"}
[2025-09-27 15:00:29] [INFO] Message processed successfully {"processing_time_ms":1042.07,"confidence":0.64,"response_type":"tour_search","layout_type":"single_tours","items_returned":6}
[2025-09-27 15:00:37] [INFO] RAG Chatbot initialized successfully {"userId":1,"components":{"database":"connected","gemini":"initialized","hybrid_retriever":"ready","response_generator":"ready"}}
[2025-09-27 15:00:37] [INFO] Processing message {"message":"tour in da lat and hue","history_count":3}
[2025-09-27 15:00:37] [INFO] Starting hybrid retrieval {"query":"tour in da lat and hue","intent":"tour_search"}
[2025-09-27 15:00:38] [WARNING] No vectors found in database 
[2025-09-27 15:00:38] [INFO] Hybrid retrieval completed successfully {"total_results":7,"confidence":0.7000000000000001,"retrieval_stats":{"semantic_results":0,"bm25_results":15,"sql_results":15,"final_results":7}}
[2025-09-27 15:00:38] [INFO] generateVietnameseResponse called {"userMessage":"tour in da lat and hue","context_length":1174,"metadata":{"match_level":"hybrid_match","confidence":0.7000000000000001}}
[2025-09-27 15:00:39] [ERROR] Gemini API error - generating fallback {"error_message":"HTTP error: 429","user_message":"tour in da lat and hue","context_available":true}
[2025-09-27 15:00:39] [INFO] Hybrid response generated successfully {"response_type":"tour_search","layout_type":"multi_city_tours","confidence":0.7000000000000001,"display_items":7}
[2025-09-27 15:00:39] [INFO] Conversation saved successfully {"userId":1,"title":"Tour In Da Lat And..."}
[2025-09-27 15:00:39] [INFO] Message processed successfully {"processing_time_ms":1275.41,"confidence":0.7000000000000001,"response_type":"tour_search","layout_type":"multi_city_tours","items_returned":7}
[2025-09-27 15:26:57] [INFO] RAG Chatbot initialized successfully {"userId":1,"components":{"database":"connected","gemini":"initialized","hybrid_retriever":"ready","response_generator":"ready"}}
[2025-09-27 15:26:57] [INFO] Processing message {"message":"tour in da lat and hue","history_count":4}
[2025-09-27 15:26:57] [INFO] Starting hybrid retrieval {"query":"tour in da lat and hue","intent":"tour_search"}
[2025-09-27 15:26:58] [WARNING] No vectors found in database 
[2025-09-27 15:26:58] [INFO] Hybrid retrieval completed successfully {"total_results":7,"confidence":0.7000000000000001,"retrieval_stats":{"semantic_results":0,"bm25_results":15,"sql_results":15,"final_results":7}}
[2025-09-27 15:26:58] [INFO] generateVietnameseResponse called {"userMessage":"tour in da lat and hue","context_length":1174,"metadata":{"match_level":"hybrid_match","confidence":0.7000000000000001}}
[2025-09-27 15:26:58] [ERROR] Gemini API error - generating fallback {"error_message":"HTTP error: 429","user_message":"tour in da lat and hue","context_available":true}
[2025-09-27 15:26:58] [INFO] Hybrid response generated successfully {"response_type":"tour_search","layout_type":"multi_city_tours","confidence":0.7000000000000001,"display_items":7}
[2025-09-27 15:26:58] [INFO] Conversation saved successfully {"userId":1,"title":"Tour In Da Lat And..."}
[2025-09-27 15:26:58] [INFO] Message processed successfully {"processing_time_ms":917.62,"confidence":0.7000000000000001,"response_type":"tour_search","layout_type":"multi_city_tours","items_returned":7}
[2025-09-27 15:27:52] [INFO] RAG Chatbot initialized successfully {"userId":1,"components":{"database":"connected","gemini":"initialized","hybrid_retriever":"ready","response_generator":"ready"}}
[2025-09-27 15:27:52] [INFO] Processing message {"message":"hi","history_count":1}
[2025-09-27 15:27:56] [INFO] RAG Chatbot initialized successfully {"userId":1,"components":{"database":"connected","gemini":"initialized","hybrid_retriever":"ready","response_generator":"ready"}}
[2025-09-27 15:27:56] [INFO] Processing message {"message":"tour in da lat","history_count":3}
[2025-09-27 15:27:56] [INFO] Starting hybrid retrieval {"query":"tour in da lat","intent":"tour_search"}
[2025-09-27 15:28:00] [ERROR] Embedding generation failed {"error":"HTTP error: 503"}
[2025-09-27 15:28:00] [WARNING] Failed to generate query embedding 
[2025-09-27 15:28:00] [INFO] Hybrid retrieval completed successfully {"total_results":6,"confidence":0.64,"retrieval_stats":{"semantic_results":0,"bm25_results":8,"sql_results":8,"final_results":6}}
[2025-09-27 15:28:00] [INFO] generateVietnameseResponse called {"userMessage":"tour in da lat","context_length":1109,"metadata":{"match_level":"hybrid_match","confidence":0.64}}
[2025-09-27 15:28:01] [ERROR] Gemini API error - generating fallback {"error_message":"HTTP error: 429","user_message":"tour in da lat","context_available":true}
[2025-09-27 15:28:01] [INFO] Hybrid response generated successfully {"response_type":"tour_search","layout_type":"single_tours","confidence":0.64,"display_items":6}
[2025-09-27 15:28:01] [INFO] Conversation saved successfully {"userId":1,"title":"Tour In Da Lat"}
[2025-09-27 15:28:01] [INFO] Message processed successfully {"processing_time_ms":4967.77,"confidence":0.64,"response_type":"tour_search","layout_type":"single_tours","items_returned":6}
[2025-09-27 15:28:09] [INFO] RAG Chatbot initialized successfully {"userId":1,"components":{"database":"connected","gemini":"initialized","hybrid_retriever":"ready","response_generator":"ready"}}
[2025-09-27 15:28:09] [INFO] Processing message {"message":"tour in da lat and hotel in nha trang","history_count":5}
[2025-09-27 15:28:09] [INFO] Starting hybrid retrieval {"query":"tour in da lat and hotel in nha trang","intent":"mixed_search"}
[2025-09-27 15:28:09] [WARNING] No vectors found in database 
[2025-09-27 15:28:09] [INFO] Hybrid retrieval completed successfully {"total_results":10,"confidence":0.7000000000000001,"retrieval_stats":{"semantic_results":0,"bm25_results":15,"sql_results":15,"final_results":10}}
[2025-09-27 15:28:09] [INFO] generateVietnameseResponse called {"userMessage":"tour in da lat and hotel in nha trang","context_length":1759,"metadata":{"match_level":"hybrid_match","confidence":0.7000000000000001}}
[2025-09-27 15:28:10] [ERROR] Gemini API error - generating fallback {"error_message":"HTTP error: 429","user_message":"tour in da lat and hotel in nha trang","context_available":true}
[2025-09-27 15:28:10] [INFO] Hybrid response generated successfully {"response_type":"tour_search","layout_type":"multi_city_tours","confidence":0.7000000000000001,"display_items":6}
[2025-09-27 15:28:10] [INFO] Conversation saved successfully {"userId":1,"title":"Tour In Da Lat And..."}
[2025-09-27 15:28:10] [INFO] Message processed successfully {"processing_time_ms":886.88,"confidence":0.7000000000000001,"response_type":"tour_search","layout_type":"multi_city_tours","items_returned":10}
[2025-09-27 15:54:10] [INFO] RAG Chatbot initialized successfully {"userId":1,"components":{"database":"connected","gemini":"initialized","hybrid_retriever":"ready","response_generator":"ready"}}
[2025-09-27 15:54:10] [INFO] Processing message {"message":"tour in nha trang and da nang","history_count":5}
[2025-09-27 15:54:10] [INFO] Starting hybrid retrieval {"query":"tour in nha trang and da nang","intent":"tour_search"}
[2025-09-27 15:54:12] [WARNING] No vectors found in database 
[2025-09-27 15:54:12] [INFO] Hybrid retrieval completed successfully {"total_results":7,"confidence":0.7000000000000001,"retrieval_stats":{"semantic_results":0,"bm25_results":15,"sql_results":15,"final_results":7}}
[2025-09-27 15:54:12] [INFO] generateVietnameseResponse called {"userMessage":"tour in nha trang and da nang","context_length":1415,"metadata":{"match_level":"hybrid_match","confidence":0.7000000000000001}}
[2025-09-27 15:54:12] [ERROR] Gemini API error - generating fallback {"error_message":"HTTP error: 429","user_message":"tour in nha trang and da nang","context_available":true}
[2025-09-27 15:54:12] [INFO] Hybrid response generated successfully {"response_type":"tour_search","layout_type":"multi_city_tours","confidence":0.7000000000000001,"display_items":4}
[2025-09-27 15:54:12] [INFO] Conversation saved successfully {"userId":1,"title":"Tour In Nha Trang And..."}
[2025-09-27 15:54:12] [INFO] Message processed successfully {"processing_time_ms":1970.21,"confidence":0.7000000000000001,"response_type":"tour_search","layout_type":"multi_city_tours","items_returned":7}
[2025-09-27 16:00:40] [INFO] RAG Chatbot initialized successfully {"userId":1,"components":{"database":"connected","gemini":"initialized","hybrid_retriever":"ready","response_generator":"ready"}}
[2025-09-27 16:00:40] [INFO] Processing message {"message":"tour in phu quoc","history_count":5}
[2025-09-27 16:00:40] [INFO] Starting hybrid retrieval {"query":"tour in phu quoc","intent":"tour_search"}
[2025-09-27 16:00:41] [WARNING] No vectors found in database 
[2025-09-27 16:00:41] [INFO] Hybrid retrieval completed successfully {"total_results":6,"confidence":0.64,"retrieval_stats":{"semantic_results":0,"bm25_results":8,"sql_results":8,"final_results":6}}
[2025-09-27 16:00:41] [INFO] generateVietnameseResponse called {"userMessage":"tour in phu quoc","context_length":1186,"metadata":{"match_level":"hybrid_match","confidence":0.64}}
[2025-09-27 16:00:41] [ERROR] Gemini API error - generating fallback {"error_message":"HTTP error: 429","user_message":"tour in phu quoc","context_available":true}
[2025-09-27 16:00:41] [INFO] Hybrid response generated successfully {"response_type":"tour_search","layout_type":"single_tours","confidence":0.64,"display_items":6}
[2025-09-27 16:00:41] [INFO] Conversation saved successfully {"userId":1,"title":"Tour In Phu Quoc"}
[2025-09-27 16:00:41] [INFO] Message processed successfully {"processing_time_ms":892.49,"confidence":0.64,"response_type":"tour_search","layout_type":"single_tours","items_returned":6}
[2025-09-27 16:00:52] [INFO] RAG Chatbot initialized successfully {"userId":1,"components":{"database":"connected","gemini":"initialized","hybrid_retriever":"ready","response_generator":"ready"}}
[2025-09-27 16:00:52] [INFO] Processing message {"message":"tour in phu quoc and phu yen","history_count":5}
[2025-09-27 16:00:52] [INFO] Starting hybrid retrieval {"query":"tour in phu quoc and phu yen","intent":"tour_search"}
[2025-09-27 16:00:52] [WARNING] No vectors found in database 
[2025-09-27 16:00:52] [INFO] Hybrid retrieval completed successfully {"total_results":7,"confidence":0.7000000000000001,"retrieval_stats":{"semantic_results":0,"bm25_results":15,"sql_results":15,"final_results":7}}
[2025-09-27 16:00:52] [INFO] generateVietnameseResponse called {"userMessage":"tour in phu quoc and phu yen","context_length":1255,"metadata":{"match_level":"hybrid_match","confidence":0.7000000000000001}}
[2025-09-27 16:00:53] [ERROR] Gemini API error - generating fallback {"error_message":"HTTP error: 429","user_message":"tour in phu quoc and phu yen","context_available":true}
[2025-09-27 16:00:53] [INFO] Hybrid response generated successfully {"response_type":"tour_search","layout_type":"multi_city_tours","confidence":0.7000000000000001,"display_items":7}
[2025-09-27 16:00:53] [INFO] Conversation saved successfully {"userId":1,"title":"Tour In Phu Quoc And..."}
[2025-09-27 16:00:53] [INFO] Message processed successfully {"processing_time_ms":855.66,"confidence":0.7000000000000001,"response_type":"tour_search","layout_type":"multi_city_tours","items_returned":7}
[2025-09-27 16:02:20] [INFO] RAG Chatbot initialized successfully {"userId":1,"components":{"database":"connected","gemini":"initialized","hybrid_retriever":"ready","response_generator":"ready"}}
[2025-09-27 16:02:20] [INFO] Processing message {"message":"hotel in da lat and tour in ha giang","history_count":5}
[2025-09-27 16:02:20] [INFO] Starting hybrid retrieval {"query":"hotel in da lat and tour in ha giang","intent":"mixed_search"}
[2025-09-27 16:02:20] [WARNING] No vectors found in database 
[2025-09-27 16:02:20] [INFO] Hybrid retrieval completed successfully {"total_results":10,"confidence":0.7000000000000001,"retrieval_stats":{"semantic_results":0,"bm25_results":15,"sql_results":15,"final_results":10}}
[2025-09-27 16:02:20] [INFO] generateVietnameseResponse called {"userMessage":"hotel in da lat and tour in ha giang","context_length":1845,"metadata":{"match_level":"hybrid_match","confidence":0.7000000000000001}}
[2025-09-27 16:02:21] [ERROR] Gemini API error - generating fallback {"error_message":"HTTP error: 429","user_message":"hotel in da lat and tour in ha giang","context_available":true}
[2025-09-27 16:02:21] [INFO] Hybrid response generated successfully {"response_type":"tour_search","layout_type":"multi_city_tours","confidence":0.7000000000000001,"display_items":5}
[2025-09-27 16:02:21] [INFO] Conversation saved successfully {"userId":1,"title":"Hotel In Da Lat And..."}
[2025-09-27 16:02:21] [INFO] Message processed successfully {"processing_time_ms":954.16,"confidence":0.7000000000000001,"response_type":"tour_search","layout_type":"multi_city_tours","items_returned":10}
[2025-09-27 16:03:00] [INFO] RAG Chatbot initialized successfully {"userId":1,"components":{"database":"connected","gemini":"initialized","hybrid_retriever":"ready","response_generator":"ready"}}
[2025-09-27 16:03:00] [INFO] Processing message {"message":"hotel in tay bac","history_count":5}
[2025-09-27 16:03:00] [INFO] Starting hybrid retrieval {"query":"hotel in tay bac","intent":"hotel_search"}
[2025-09-27 16:03:00] [WARNING] No vectors found in database 
[2025-09-27 16:03:00] [INFO] Hybrid retrieval completed successfully {"total_results":6,"confidence":0.7000000000000001,"retrieval_stats":{"semantic_results":0,"bm25_results":10,"sql_results":10,"final_results":6}}
[2025-09-27 16:03:00] [INFO] generateVietnameseResponse called {"userMessage":"hotel in tay bac","context_length":806,"metadata":{"match_level":"hybrid_match","confidence":0.7000000000000001}}
[2025-09-27 16:03:01] [ERROR] Gemini API error - generating fallback {"error_message":"HTTP error: 429","user_message":"hotel in tay bac","context_available":true}
[2025-09-27 16:03:01] [INFO] Hybrid response generated successfully {"response_type":"hotel_search","layout_type":"single_hotels","confidence":0.7000000000000001,"display_items":6}
[2025-09-27 16:03:01] [INFO] Conversation saved successfully {"userId":1,"title":"Hotel In Tay Bac"}
[2025-09-27 16:03:01] [INFO] Message processed successfully {"processing_time_ms":911.79,"confidence":0.7000000000000001,"response_type":"hotel_search","layout_type":"single_hotels","items_returned":6}
[2025-09-27 16:22:14] [INFO] RAG Chatbot initialized successfully {"userId":1,"components":{"database":"connected","gemini":"initialized","hybrid_retriever":"ready","response_generator":"ready"}}
[2025-09-27 16:22:14] [INFO] Processing message {"message":"tour in hue","history_count":5}
[2025-09-27 16:22:14] [INFO] Starting hybrid retrieval {"query":"tour in hue","intent":"tour_search"}
[2025-09-27 16:22:15] [WARNING] No vectors found in database 
[2025-09-27 16:22:15] [INFO] Hybrid retrieval completed successfully {"total_results":6,"confidence":0.64,"retrieval_stats":{"semantic_results":0,"bm25_results":8,"sql_results":8,"final_results":6}}
[2025-09-27 16:22:15] [INFO] generateVietnameseResponse called {"userMessage":"tour in hue","context_length":1009,"metadata":{"match_level":"hybrid_match","confidence":0.64}}
[2025-09-27 16:22:15] [ERROR] Gemini API error - generating fallback {"error_message":"HTTP error: 429","user_message":"tour in hue","context_available":true}
[2025-09-27 16:22:15] [INFO] Hybrid response generated successfully {"response_type":"tour_search","layout_type":"single_tours","confidence":0.64,"display_items":6}
[2025-09-27 16:22:15] [INFO] Conversation saved successfully {"userId":1,"title":"Tour In Hue"}
[2025-09-27 16:22:15] [INFO] Message processed successfully {"processing_time_ms":945.66,"confidence":0.64,"response_type":"tour_search","layout_type":"single_tours","items_returned":6}
[2025-09-27 16:22:22] [INFO] RAG Chatbot initialized successfully {"userId":1,"components":{"database":"connected","gemini":"initialized","hybrid_retriever":"ready","response_generator":"ready"}}
[2025-09-27 16:22:22] [INFO] Processing message {"message":"tour in hue and nha trang","history_count":5}
[2025-09-27 16:22:22] [INFO] Starting hybrid retrieval {"query":"tour in hue and nha trang","intent":"tour_search"}
[2025-09-27 16:22:22] [WARNING] No vectors found in database 
[2025-09-27 16:22:22] [INFO] Hybrid retrieval completed successfully {"total_results":7,"confidence":0.7000000000000001,"retrieval_stats":{"semantic_results":0,"bm25_results":15,"sql_results":15,"final_results":7}}
[2025-09-27 16:22:22] [INFO] generateVietnameseResponse called {"userMessage":"tour in hue and nha trang","context_length":1380,"metadata":{"match_level":"hybrid_match","confidence":0.7000000000000001}}
[2025-09-27 16:22:23] [ERROR] Gemini API error - generating fallback {"error_message":"HTTP error: 429","user_message":"tour in hue and nha trang","context_available":true}
[2025-09-27 16:22:23] [INFO] Hybrid response generated successfully {"response_type":"tour_search","layout_type":"multi_city_tours","confidence":0.7000000000000001,"display_items":5}
[2025-09-27 16:22:23] [INFO] Conversation saved successfully {"userId":1,"title":"Tour In Hue And Nha..."}
[2025-09-27 16:22:23] [INFO] Message processed successfully {"processing_time_ms":861.16,"confidence":0.7000000000000001,"response_type":"tour_search","layout_type":"multi_city_tours","items_returned":7}
[2025-09-28 00:53:19] [INFO] RAG Chatbot initialized successfully {"userId":1,"components":{"database":"connected","gemini":"initialized","hybrid_retriever":"ready","response_generator":"ready"}}
[2025-09-28 00:53:19] [INFO] Processing message {"message":"show tour in nha trang","history_count":1}
[2025-09-28 00:53:19] [INFO] Starting hybrid retrieval {"query":"show tour in nha trang","intent":"tour_search"}
[2025-09-28 00:53:20] [WARNING] No vectors found in database 
[2025-09-28 00:53:20] [INFO] Hybrid retrieval completed successfully {"total_results":6,"confidence":0.64,"retrieval_stats":{"semantic_results":0,"bm25_results":8,"sql_results":8,"final_results":6}}
[2025-09-28 00:53:20] [INFO] generateVietnameseResponse called {"userMessage":"show tour in nha trang","context_length":1115,"metadata":{"match_level":"hybrid_match","confidence":0.64}}
[2025-09-28 00:53:22] [INFO] Successfully generated response {"response_length":756,"response_preview":"I found these tours:\n• **Nha Trang Culture & History: Long Son Pagoda - Po Nagar Towers** - 2 days"}
[2025-09-28 00:53:22] [INFO] Hybrid response generated successfully {"response_type":"tour_search","layout_type":"single_tours","confidence":0.64,"display_items":6}
[2025-09-28 00:53:22] [INFO] Conversation saved successfully {"userId":1,"title":"Sur In Nha Trang..."}
[2025-09-28 00:53:22] [INFO] Message processed successfully {"processing_time_ms":3133.44,"confidence":0.64,"response_type":"tour_search","layout_type":"single_tours","items_returned":6}
[2025-09-28 00:59:48] [INFO] RAG Chatbot initialized successfully {"userId":1,"components":{"database":"connected","gemini":"initialized","hybrid_retriever":"ready","response_generator":"ready"}}
[2025-09-28 00:59:48] [INFO] Processing message {"message":"show tour in hue","history_count":3}
[2025-09-28 00:59:48] [INFO] Starting hybrid retrieval {"query":"show tour in hue","intent":"tour_search"}
[2025-09-28 00:59:49] [WARNING] No vectors found in database 
[2025-09-28 00:59:49] [INFO] Hybrid retrieval completed successfully {"total_results":6,"confidence":0.64,"retrieval_stats":{"semantic_results":0,"bm25_results":8,"sql_results":8,"final_results":6}}
[2025-09-28 00:59:49] [INFO] generateVietnameseResponse called {"userMessage":"show tour in hue","context_length":1009,"metadata":{"match_level":"hybrid_match","confidence":0.64}}
[2025-09-28 00:59:49] [ERROR] Gemini API error - generating fallback {"error_message":"HTTP error: 429","user_message":"show tour in hue","context_available":true}
[2025-09-28 00:59:49] [INFO] Hybrid response generated successfully {"response_type":"tour_search","layout_type":"single_tours","confidence":0.64,"display_items":6}
[2025-09-28 00:59:49] [INFO] Conversation saved successfully {"userId":1,"title":"Sur In Hue..."}
[2025-09-28 00:59:49] [INFO] Message processed successfully {"processing_time_ms":991.72,"confidence":0.64,"response_type":"tour_search","layout_type":"single_tours","items_returned":6}
[2025-09-28 01:04:04] [INFO] RAG Chatbot initialized successfully {"userId":1,"components":{"database":"connected","gemini":"initialized","hybrid_retriever":"ready","response_generator":"ready"}}
[2025-09-28 01:04:04] [INFO] Processing message {"message":"show hotel in hoi an","history_count":1}
[2025-09-28 01:04:04] [INFO] Starting hybrid retrieval {"query":"show hotel in hoi an","intent":"hotel_search"}
[2025-09-28 01:04:04] [WARNING] No vectors found in database 
[2025-09-28 01:04:04] [INFO] Hybrid retrieval completed successfully {"total_results":6,"confidence":0.625,"retrieval_stats":{"semantic_results":0,"bm25_results":5,"sql_results":10,"final_results":6}}
[2025-09-28 01:04:04] [INFO] generateVietnameseResponse called {"userMessage":"show hotel in hoi an","context_length":817,"metadata":{"match_level":"hybrid_match","confidence":0.625}}
[2025-09-28 01:04:08] [ERROR] Gemini API error - generating fallback {"error_message":"HTTP error: 503","user_message":"show hotel in hoi an","context_available":true}
[2025-09-28 01:04:08] [INFO] Hybrid response generated successfully {"response_type":"hotel_search","layout_type":"single_hotels","confidence":0.625,"display_items":6}
[2025-09-28 01:04:08] [INFO] Conversation saved successfully {"userId":1,"title":"Show Hotel In Hoi An"}
[2025-09-28 01:04:08] [INFO] Message processed successfully {"processing_time_ms":4211.68,"confidence":0.625,"response_type":"hotel_search","layout_type":"single_hotels","items_returned":6}
[2025-09-28 01:04:32] [INFO] RAG Chatbot initialized successfully {"userId":1,"components":{"database":"connected","gemini":"initialized","hybrid_retriever":"ready","response_generator":"ready"}}
[2025-09-28 01:04:32] [INFO] Processing message {"message":"show tour in ha noi and hue","history_count":3}
[2025-09-28 01:04:32] [INFO] Starting hybrid retrieval {"query":"show tour in ha noi and hue","intent":"tour_search"}
[2025-09-28 01:04:33] [WARNING] No vectors found in database 
[2025-09-28 01:04:33] [INFO] Hybrid retrieval completed successfully {"total_results":7,"confidence":0.7000000000000001,"retrieval_stats":{"semantic_results":0,"bm25_results":15,"sql_results":15,"final_results":7}}
[2025-09-28 01:04:33] [INFO] generateVietnameseResponse called {"userMessage":"show tour in ha noi and hue","context_length":1111,"metadata":{"match_level":"hybrid_match","confidence":0.7000000000000001}}
[2025-09-28 01:04:33] [ERROR] Gemini API error - generating fallback {"error_message":"HTTP error: 429","user_message":"show tour in ha noi and hue","context_available":true}
[2025-09-28 01:04:33] [INFO] Hybrid response generated successfully {"response_type":"tour_search","layout_type":"multi_city_tours","confidence":0.7000000000000001,"display_items":6}
[2025-09-28 01:04:33] [INFO] Conversation saved successfully {"userId":1,"title":"Sur In Ha Noi And..."}
[2025-09-28 01:04:33] [INFO] Message processed successfully {"processing_time_ms":1029.32,"confidence":0.7000000000000001,"response_type":"tour_search","layout_type":"multi_city_tours","items_returned":7}
[2025-09-28 01:22:08] [INFO] RAG Chatbot initialized successfully {"userId":1,"components":{"database":"connected","gemini":"initialized","hybrid_retriever":"ready","response_generator":"ready"}}
[2025-09-28 01:22:08] [INFO] Processing message {"message":"tour in hue","history_count":5}
[2025-09-28 01:22:08] [INFO] Starting hybrid retrieval {"query":"tour in hue","intent":"tour_search"}
[2025-09-28 01:22:09] [WARNING] No vectors found in database 
[2025-09-28 01:22:09] [INFO] Hybrid retrieval completed successfully {"total_results":6,"confidence":0.64,"retrieval_stats":{"semantic_results":0,"bm25_results":8,"sql_results":8,"final_results":6}}
[2025-09-28 01:22:09] [INFO] generateVietnameseResponse called {"userMessage":"tour in hue","context_length":1009,"metadata":{"match_level":"hybrid_match","confidence":0.64}}
[2025-09-28 01:22:10] [ERROR] Gemini API error - generating fallback {"error_message":"HTTP error: 429","user_message":"tour in hue","context_available":true}
[2025-09-28 01:22:10] [INFO] Hybrid response generated successfully {"response_type":"tour_search","layout_type":"single_tours","confidence":0.64,"display_items":6}
[2025-09-28 01:22:10] [INFO] Conversation saved successfully {"userId":1,"title":"Tour In Hue"}
[2025-09-28 01:22:10] [INFO] Message processed successfully {"processing_time_ms":2056.96,"confidence":0.64,"response_type":"tour_search","layout_type":"single_tours","items_returned":6}
[2025-09-28 01:22:17] [INFO] RAG Chatbot initialized successfully {"userId":1,"components":{"database":"connected","gemini":"initialized","hybrid_retriever":"ready","response_generator":"ready"}}
[2025-09-28 01:22:17] [INFO] Processing message {"message":"tour in tay bac and nha trang","history_count":5}
[2025-09-28 01:22:17] [INFO] Starting hybrid retrieval {"query":"tour in tay bac and nha trang","intent":"tour_search"}
[2025-09-28 01:22:17] [WARNING] No vectors found in database 
[2025-09-28 01:22:17] [INFO] Hybrid retrieval completed successfully {"total_results":7,"confidence":0.7000000000000001,"retrieval_stats":{"semantic_results":0,"bm25_results":15,"sql_results":15,"final_results":7}}
[2025-09-28 01:22:17] [INFO] generateVietnameseResponse called {"userMessage":"tour in tay bac and nha trang","context_length":1364,"metadata":{"match_level":"hybrid_match","confidence":0.7000000000000001}}
[2025-09-28 01:22:19] [ERROR] Gemini API error - generating fallback {"error_message":"HTTP error: 429","user_message":"tour in tay bac and nha trang","context_available":true}
[2025-09-28 01:22:19] [INFO] Hybrid response generated successfully {"response_type":"tour_search","layout_type":"multi_city_tours","confidence":0.7000000000000001,"display_items":6}
[2025-09-28 01:22:19] [INFO] Conversation saved successfully {"userId":1,"title":"Tour In Tay Bac And..."}
[2025-09-28 01:22:19] [INFO] Message processed successfully {"processing_time_ms":2015.29,"confidence":0.7000000000000001,"response_type":"tour_search","layout_type":"multi_city_tours","items_returned":7}
[2025-09-28 01:30:29] [INFO] RAG Chatbot initialized successfully {"userId":1,"components":{"database":"connected","gemini":"initialized","hybrid_retriever":"ready","response_generator":"ready"}}
[2025-09-28 01:30:29] [INFO] Processing message {"message":"tour in hoi an và tour hue","history_count":5}
[2025-09-28 01:30:29] [INFO] Starting hybrid retrieval {"query":"tour in hoi an và tour hue","intent":"tour_search"}
[2025-09-28 01:30:30] [WARNING] No vectors found in database 
[2025-09-28 01:30:30] [INFO] Hybrid retrieval completed successfully {"total_results":7,"confidence":0.7000000000000001,"retrieval_stats":{"semantic_results":0,"bm25_results":15,"sql_results":15,"final_results":7}}
[2025-09-28 01:30:30] [INFO] generateVietnameseResponse called {"userMessage":"tour in hoi an và tour hue","context_length":1215,"metadata":{"match_level":"hybrid_match","confidence":0.7000000000000001}}
[2025-09-28 01:30:30] [ERROR] Gemini API error - generating fallback {"error_message":"HTTP error: 429","user_message":"tour in hoi an và tour hue","context_available":true}
[2025-09-28 01:30:30] [INFO] Hybrid response generated successfully {"response_type":"tour_search","layout_type":"multi_city_tours","confidence":0.7000000000000001,"display_items":5}
[2025-09-28 01:30:30] [INFO] Conversation saved successfully {"userId":1,"title":"Tour In Hoi An Và..."}
[2025-09-28 01:30:30] [INFO] Message processed successfully {"processing_time_ms":1017.05,"confidence":0.7000000000000001,"response_type":"tour_search","layout_type":"multi_city_tours","items_returned":7}
[2025-09-28 01:37:07] [INFO] RAG Chatbot initialized successfully {"userId":1,"components":{"database":"connected","gemini":"initialized","hybrid_retriever":"ready","response_generator":"ready"}}
[2025-09-28 01:37:07] [INFO] Processing message {"message":"show tour in da lat and nha trang","history_count":5}
[2025-09-28 01:37:07] [INFO] Starting hybrid retrieval {"query":"show tour in da lat and nha trang","intent":"tour_search"}
[2025-09-28 01:37:09] [WARNING] No vectors found in database 
[2025-09-28 01:37:09] [INFO] Hybrid retrieval completed successfully {"total_results":7,"confidence":0.7000000000000001,"retrieval_stats":{"semantic_results":0,"bm25_results":15,"sql_results":15,"final_results":7}}
[2025-09-28 01:37:09] [INFO] generateVietnameseResponse called {"userMessage":"show tour in da lat and nha trang","context_length":1339,"metadata":{"match_level":"hybrid_match","confidence":0.7000000000000001}}
[2025-09-28 01:37:10] [ERROR] Gemini API error - generating fallback {"error_message":"HTTP error: 429","user_message":"show tour in da lat and nha trang","context_available":true}
[2025-09-28 01:37:10] [INFO] Hybrid response generated successfully {"response_type":"tour_search","layout_type":"multi_city_tours","confidence":0.7000000000000001,"display_items":4}
[2025-09-28 01:37:10] [INFO] Conversation saved successfully {"userId":1,"title":"Sur In Da Lat And..."}
[2025-09-28 01:37:10] [INFO] Message processed successfully {"processing_time_ms":2099.9,"confidence":0.7000000000000001,"response_type":"tour_search","layout_type":"multi_city_tours","items_returned":7}
[2025-09-28 01:37:25] [INFO] RAG Chatbot initialized successfully {"userId":1,"components":{"database":"connected","gemini":"initialized","hybrid_retriever":"ready","response_generator":"ready"}}
[2025-09-28 01:37:25] [INFO] Processing message {"message":"tour in tay bac","history_count":1}
[2025-09-28 01:37:25] [INFO] Starting hybrid retrieval {"query":"tour in tay bac","intent":"tour_search"}
[2025-09-28 01:37:26] [WARNING] No vectors found in database 
[2025-09-28 01:37:26] [INFO] Hybrid retrieval completed successfully {"total_results":6,"confidence":0.64,"retrieval_stats":{"semantic_results":0,"bm25_results":8,"sql_results":8,"final_results":6}}
[2025-09-28 01:37:26] [INFO] generateVietnameseResponse called {"userMessage":"tour in tay bac","context_length":986,"metadata":{"match_level":"hybrid_match","confidence":0.64}}
[2025-09-28 01:37:26] [ERROR] Gemini API error - generating fallback {"error_message":"HTTP error: 429","user_message":"tour in tay bac","context_available":true}
[2025-09-28 01:37:26] [INFO] Hybrid response generated successfully {"response_type":"tour_search","layout_type":"single_tours","confidence":0.64,"display_items":6}
[2025-09-28 01:37:26] [INFO] Conversation saved successfully {"userId":1,"title":"Tour In Tay Bac"}
[2025-09-28 01:37:26] [INFO] Message processed successfully {"processing_time_ms":1166.34,"confidence":0.64,"response_type":"tour_search","layout_type":"single_tours","items_returned":6}
[2025-09-28 01:37:30] [INFO] RAG Chatbot initialized successfully {"userId":1,"components":{"database":"connected","gemini":"initialized","hybrid_retriever":"ready","response_generator":"ready"}}
[2025-09-28 01:37:30] [INFO] Processing message {"message":"hotel in hue","history_count":3}
[2025-09-28 01:37:30] [INFO] Starting hybrid retrieval {"query":"hotel in hue","intent":"hotel_search"}
[2025-09-28 01:37:31] [WARNING] No vectors found in database 
[2025-09-28 01:37:31] [INFO] Hybrid retrieval completed successfully {"total_results":6,"confidence":0.655,"retrieval_stats":{"semantic_results":0,"bm25_results":7,"sql_results":10,"final_results":6}}
[2025-09-28 01:37:31] [INFO] generateVietnameseResponse called {"userMessage":"hotel in hue","context_length":806,"metadata":{"match_level":"hybrid_match","confidence":0.655}}
[2025-09-28 01:37:31] [ERROR] Gemini API error - generating fallback {"error_message":"HTTP error: 429","user_message":"hotel in hue","context_available":true}
[2025-09-28 01:37:31] [INFO] Hybrid response generated successfully {"response_type":"hotel_search","layout_type":"single_hotels","confidence":0.655,"display_items":6}
[2025-09-28 01:37:31] [INFO] Conversation saved successfully {"userId":1,"title":"Hotel In Hue"}
[2025-09-28 01:37:31] [INFO] Message processed successfully {"processing_time_ms":1021.37,"confidence":0.655,"response_type":"hotel_search","layout_type":"single_hotels","items_returned":6}
[2025-09-28 01:38:05] [INFO] RAG Chatbot initialized successfully {"userId":1,"components":{"database":"connected","gemini":"initialized","hybrid_retriever":"ready","response_generator":"ready"}}
[2025-09-28 01:38:05] [INFO] Processing message {"message":"tour in tay bac and nha trang with duration 4 days","history_count":5}
[2025-09-28 01:38:05] [INFO] Starting hybrid retrieval {"query":"tour in tay bac and nha trang with duration 4 days","intent":"tour_search"}
[2025-09-28 01:38:06] [WARNING] No vectors found in database 
[2025-09-28 01:38:06] [INFO] Hybrid retrieval completed successfully {"total_results":2,"confidence":0.4600000000000001,"retrieval_stats":{"semantic_results":0,"bm25_results":2,"sql_results":2,"final_results":2}}
[2025-09-28 01:38:06] [INFO] generateVietnameseResponse called {"userMessage":"tour in tay bac and nha trang with duration 4 days","context_length":404,"metadata":{"match_level":"hybrid_match","confidence":0.4600000000000001}}
[2025-09-28 01:38:08] [INFO] Successfully generated response {"response_length":232,"response_preview":"I found these tours:\n• **Tay Bac Ethnic Culture: Local Markets - Homestay Experience** - 4 days, 7"}
[2025-09-28 01:38:08] [INFO] Hybrid response generated successfully {"response_type":"tour_search","layout_type":"single_tours","confidence":0.4600000000000001,"display_items":2}
[2025-09-28 01:38:08] [INFO] Conversation saved successfully {"userId":1,"title":"Tour In Tay Bac And..."}
[2025-09-28 01:38:08] [INFO] Message processed successfully {"processing_time_ms":3119.73,"confidence":0.4600000000000001,"response_type":"tour_search","layout_type":"single_tours","items_returned":2}
[2025-09-28 01:38:23] [INFO] RAG Chatbot initialized successfully {"userId":1,"components":{"database":"connected","gemini":"initialized","hybrid_retriever":"ready","response_generator":"ready"}}
[2025-09-28 01:38:23] [INFO] Processing message {"message":"tour nha trang with duration 4 days","history_count":5}
[2025-09-28 01:38:23] [INFO] Starting hybrid retrieval {"query":"tour nha trang with duration 4 days","intent":"tour_search"}
[2025-09-28 01:38:24] [WARNING] No vectors found in database 
[2025-09-28 01:38:24] [INFO] Hybrid retrieval completed successfully {"total_results":0,"confidence":0.5,"retrieval_stats":{"semantic_results":0,"bm25_results":0,"sql_results":0,"final_results":0}}
[2025-09-28 01:38:24] [INFO] Conversation saved successfully {"userId":1,"title":"Tour Nha Trang With Duration..."}
[2025-09-28 01:38:24] [INFO] Message processed successfully {"processing_time_ms":826.72,"confidence":0.5,"response_type":"fallback","layout_type":"default","items_returned":0}
[2025-09-28 01:38:34] [INFO] RAG Chatbot initialized successfully {"userId":1,"components":{"database":"connected","gemini":"initialized","hybrid_retriever":"ready","response_generator":"ready"}}
[2025-09-28 01:38:34] [INFO] Processing message {"message":"tour hue with duration 4 days","history_count":5}
[2025-09-28 01:38:34] [INFO] Starting hybrid retrieval {"query":"tour hue with duration 4 days","intent":"tour_search"}
[2025-09-28 01:38:35] [WARNING] No vectors found in database 
[2025-09-28 01:38:35] [INFO] Hybrid retrieval completed successfully {"total_results":1,"confidence":0.43000000000000005,"retrieval_stats":{"semantic_results":0,"bm25_results":1,"sql_results":1,"final_results":1}}
[2025-09-28 01:38:35] [INFO] generateVietnameseResponse called {"userMessage":"tour hue with duration 4 days","context_length":240,"metadata":{"match_level":"hybrid_match","confidence":0.43000000000000005}}
[2025-09-28 01:38:36] [ERROR] Gemini API error - generating fallback {"error_message":"HTTP error: 429","user_message":"tour hue with duration 4 days","context_available":true}
[2025-09-28 01:38:36] [INFO] Hybrid response generated successfully {"response_type":"tour_search","layout_type":"single_tours","confidence":0.43000000000000005,"display_items":1}
[2025-09-28 01:38:36] [INFO] Conversation saved successfully {"userId":1,"title":"Tour Hue With Duration 4..."}
[2025-09-28 01:38:36] [INFO] Message processed successfully {"processing_time_ms":2257.22,"confidence":0.43000000000000005,"response_type":"tour_search","layout_type":"single_tours","items_returned":1}
[2025-09-28 01:39:18] [INFO] RAG Chatbot initialized successfully {"userId":1,"components":{"database":"connected","gemini":"initialized","hybrid_retriever":"ready","response_generator":"ready"}}
[2025-09-28 01:39:18] [INFO] Processing message {"message":"hotel in da lat and nha trang with rating 4 star","history_count":5}
[2025-09-28 01:39:18] [INFO] Starting hybrid retrieval {"query":"hotel in da lat and nha trang with rating 4 star","intent":"hotel_search"}
[2025-09-28 01:39:19] [WARNING] No vectors found in database 
[2025-09-28 01:39:19] [INFO] Hybrid retrieval completed successfully {"total_results":7,"confidence":0.7000000000000001,"retrieval_stats":{"semantic_results":0,"bm25_results":11,"sql_results":11,"final_results":7}}
[2025-09-28 01:39:19] [INFO] generateVietnameseResponse called {"userMessage":"hotel in da lat and nha trang with rating 4 star","context_length":962,"metadata":{"match_level":"hybrid_match","confidence":0.7000000000000001}}
[2025-09-28 01:39:19] [ERROR] Gemini API error - generating fallback {"error_message":"HTTP error: 429","user_message":"hotel in da lat and nha trang with rating 4 star","context_available":true}
[2025-09-28 01:39:19] [INFO] Hybrid response generated successfully {"response_type":"hotel_search","layout_type":"multi_city_hotels","confidence":0.7000000000000001,"display_items":6}
[2025-09-28 01:39:19] [INFO] Conversation saved successfully {"userId":1,"title":"Hotel In Da Lat And..."}
[2025-09-28 01:39:19] [INFO] Message processed successfully {"processing_time_ms":1003.42,"confidence":0.7000000000000001,"response_type":"hotel_search","layout_type":"multi_city_hotels","items_returned":7}
[2025-09-28 01:43:34] [INFO] RAG Chatbot initialized successfully {"userId":1,"components":{"database":"connected","gemini":"initialized","hybrid_retriever":"ready","response_generator":"ready"}}
[2025-09-28 01:43:34] [INFO] Processing message {"message":"hotel in hue and can tho with rating 3 star","history_count":5}
[2025-09-28 01:43:34] [INFO] Starting hybrid retrieval {"query":"hotel in hue and can tho with rating 3 star","intent":"hotel_search"}
[2025-09-28 01:43:35] [WARNING] No vectors found in database 
[2025-09-28 01:43:35] [INFO] Hybrid retrieval completed successfully {"total_results":7,"confidence":0.7000000000000001,"retrieval_stats":{"semantic_results":0,"bm25_results":15,"sql_results":15,"final_results":7}}
[2025-09-28 01:43:35] [INFO] generateVietnameseResponse called {"userMessage":"hotel in hue and can tho with rating 3 star","context_length":909,"metadata":{"match_level":"hybrid_match","confidence":0.7000000000000001}}
[2025-09-28 01:43:37] [INFO] Successfully generated response {"response_length":390,"response_preview":"I found these hotels:\n\n**Hotels in Hue:**\n• **Hue Imperial Hotel** - Rating: 3.0\/5, 1,300,000 VND\/"}
[2025-09-28 01:43:37] [INFO] Hybrid response generated successfully {"response_type":"hotel_search","layout_type":"multi_city_hotels","confidence":0.7000000000000001,"display_items":4}
[2025-09-28 01:43:37] [INFO] Conversation saved successfully {"userId":1,"title":"Hotel In Hue And Can..."}
[2025-09-28 01:43:37] [INFO] Message processed successfully {"processing_time_ms":2761.4,"confidence":0.7000000000000001,"response_type":"hotel_search","layout_type":"multi_city_hotels","items_returned":7}
[2025-09-28 01:43:57] [INFO] RAG Chatbot initialized successfully {"userId":1,"components":{"database":"connected","gemini":"initialized","hybrid_retriever":"ready","response_generator":"ready"}}
[2025-09-28 01:43:57] [INFO] Processing message {"message":"tour in da nang and phu yen with duration 4 days","history_count":5}
[2025-09-28 01:43:57] [INFO] Starting hybrid retrieval {"query":"tour in da nang and phu yen with duration 4 days","intent":"tour_search"}
[2025-09-28 01:43:58] [WARNING] No vectors found in database 
[2025-09-28 01:43:58] [INFO] Hybrid retrieval completed successfully {"total_results":7,"confidence":0.61,"retrieval_stats":{"semantic_results":0,"bm25_results":7,"sql_results":7,"final_results":7}}
[2025-09-28 01:43:58] [INFO] generateVietnameseResponse called {"userMessage":"tour in da nang and phu yen with duration 4 days","context_length":1274,"metadata":{"match_level":"hybrid_match","confidence":0.61}}
[2025-09-28 01:43:59] [ERROR] Gemini API error - generating fallback {"error_message":"HTTP error: 429","user_message":"tour in da nang and phu yen with duration 4 days","context_available":true}
[2025-09-28 01:43:59] [INFO] Hybrid response generated successfully {"response_type":"tour_search","layout_type":"multi_city_tours","confidence":0.61,"display_items":6}
[2025-09-28 01:43:59] [INFO] Conversation saved successfully {"userId":1,"title":"Tour In Da Nang And..."}
[2025-09-28 01:43:59] [INFO] Message processed successfully {"processing_time_ms":2034.65,"confidence":0.61,"response_type":"tour_search","layout_type":"multi_city_tours","items_returned":7}
[2025-09-28 01:44:29] [INFO] RAG Chatbot initialized successfully {"userId":1,"components":{"database":"connected","gemini":"initialized","hybrid_retriever":"ready","response_generator":"ready"}}
[2025-09-28 01:44:29] [INFO] Processing message {"message":"tour in phu yen with price below 2.500.000 VND","history_count":5}
[2025-09-28 01:44:29] [INFO] Starting hybrid retrieval {"query":"tour in phu yen with price below 2.500.000 VND","intent":"price_inquiry"}
[2025-09-28 01:44:30] [WARNING] No vectors found in database 
[2025-09-28 01:44:30] [INFO] Hybrid retrieval completed successfully {"total_results":2,"confidence":0.43000000000000005,"retrieval_stats":{"semantic_results":0,"bm25_results":2,"sql_results":0,"final_results":2}}
[2025-09-28 01:44:30] [INFO] generateVietnameseResponse called {"userMessage":"tour in phu yen with price below 2.500.000 VND","context_length":311,"metadata":{"match_level":"hybrid_match","confidence":0.43000000000000005}}
[2025-09-28 01:44:30] [ERROR] Gemini API error - generating fallback {"error_message":"HTTP error: 429","user_message":"tour in phu yen with price below 2.500.000 VND","context_available":true}
[2025-09-28 01:44:30] [INFO] Hybrid response generated successfully {"response_type":"hotel_search","layout_type":"single_hotels","confidence":0.43000000000000005,"display_items":2}
[2025-09-28 01:44:30] [INFO] Conversation saved successfully {"userId":1,"title":"Tour In Phu Yen With..."}
[2025-09-28 01:44:30] [INFO] Message processed successfully {"processing_time_ms":1054.71,"confidence":0.43000000000000005,"response_type":"hotel_search","layout_type":"single_hotels","items_returned":2}
[2025-09-28 01:48:34] [INFO] RAG Chatbot initialized successfully {"userId":1,"components":{"database":"connected","gemini":"initialized","hybrid_retriever":"ready","response_generator":"ready"}}
[2025-09-28 01:48:34] [INFO] Processing message {"message":"tour in tay bac with price above 3 millions","history_count":5}
[2025-09-28 01:48:34] [INFO] Starting hybrid retrieval {"query":"tour in tay bac with price above 3 millions","intent":"tour_search"}
[2025-09-28 01:48:35] [WARNING] No vectors found in database 
[2025-09-28 01:48:35] [INFO] Hybrid retrieval completed successfully {"total_results":6,"confidence":0.64,"retrieval_stats":{"semantic_results":0,"bm25_results":8,"sql_results":8,"final_results":6}}
[2025-09-28 01:48:35] [INFO] generateVietnameseResponse called {"userMessage":"tour in tay bac with price above 3 millions","context_length":986,"metadata":{"match_level":"hybrid_match","confidence":0.64}}
[2025-09-28 01:48:35] [ERROR] Gemini API error - generating fallback {"error_message":"HTTP error: 429","user_message":"tour in tay bac with price above 3 millions","context_available":true}
[2025-09-28 01:48:35] [INFO] Hybrid response generated successfully {"response_type":"tour_search","layout_type":"single_tours","confidence":0.64,"display_items":6}
[2025-09-28 01:48:35] [INFO] Conversation saved successfully {"userId":1,"title":"Tour In Tay Bac With..."}
[2025-09-28 01:48:35] [INFO] Message processed successfully {"processing_time_ms":1042.79,"confidence":0.64,"response_type":"tour_search","layout_type":"single_tours","items_returned":6}
[2025-09-28 01:49:26] [INFO] RAG Chatbot initialized successfully {"userId":1,"components":{"database":"connected","gemini":"initialized","hybrid_retriever":"ready","response_generator":"ready"}}
[2025-09-28 01:49:26] [INFO] Processing message {"message":"find tour in hue and hoi an with 3 days and budget below 5 millions","history_count":5}
[2025-09-28 01:49:26] [INFO] Starting hybrid retrieval {"query":"find tour in hue and hoi an with 3 days and budget below 5 millions","intent":"tour_search"}
[2025-09-28 01:49:27] [WARNING] No vectors found in database 
[2025-09-28 01:49:27] [INFO] Hybrid retrieval completed successfully {"total_results":2,"confidence":0.4600000000000001,"retrieval_stats":{"semantic_results":0,"bm25_results":2,"sql_results":2,"final_results":2}}
[2025-09-28 01:49:27] [INFO] generateVietnameseResponse called {"userMessage":"find tour in hue and hoi an with 3 days and budget below 5 millions","context_length":417,"metadata":{"match_level":"hybrid_match","confidence":0.4600000000000001}}
[2025-09-28 01:49:28] [ERROR] Gemini API error - generating fallback {"error_message":"HTTP error: 429","user_message":"find tour in hue and hoi an with 3 days and budget","context_available":true}
[2025-09-28 01:49:28] [INFO] Hybrid response generated successfully {"response_type":"tour_search","layout_type":"single_tours","confidence":0.4600000000000001,"display_items":2}
[2025-09-28 01:49:28] [INFO] Conversation saved successfully {"userId":1,"title":"Find Tour In Hue And..."}
[2025-09-28 01:49:28] [INFO] Message processed successfully {"processing_time_ms":1556.56,"confidence":0.4600000000000001,"response_type":"tour_search","layout_type":"single_tours","items_returned":2}
[2025-09-28 01:49:40] [INFO] RAG Chatbot initialized successfully {"userId":1,"components":{"database":"connected","gemini":"initialized","hybrid_retriever":"ready","response_generator":"ready"}}
[2025-09-28 01:49:40] [INFO] Processing message {"message":"find tour in hue and hoi an with 4 days and budget below 5 millions","history_count":5}
[2025-09-28 01:49:40] [INFO] Starting hybrid retrieval {"query":"find tour in hue and hoi an with 4 days and budget below 5 millions","intent":"tour_search"}
[2025-09-28 01:49:41] [WARNING] No vectors found in database 
[2025-09-28 01:49:41] [INFO] Hybrid retrieval completed successfully {"total_results":0,"confidence":0.5,"retrieval_stats":{"semantic_results":0,"bm25_results":0,"sql_results":0,"final_results":0}}
[2025-09-28 01:49:41] [INFO] Conversation saved successfully {"userId":1,"title":"Find Tour In Hue And..."}
[2025-09-28 01:49:41] [INFO] Message processed successfully {"processing_time_ms":538.47,"confidence":0.5,"response_type":"fallback","layout_type":"default","items_returned":0}
[2025-09-28 01:50:10] [INFO] RAG Chatbot initialized successfully {"userId":1,"components":{"database":"connected","gemini":"initialized","hybrid_retriever":"ready","response_generator":"ready"}}
[2025-09-28 01:50:10] [INFO] Processing message {"message":"find tour in hue and can tho with 3 days and budget below 5 millions","history_count":5}
[2025-09-28 01:50:10] [INFO] Starting hybrid retrieval {"query":"find tour in hue and can tho with 3 days and budget below 5 millions","intent":"tour_search"}
[2025-09-28 01:50:10] [WARNING] No vectors found in database 
[2025-09-28 01:50:10] [INFO] Hybrid retrieval completed successfully {"total_results":3,"confidence":0.4900000000000001,"retrieval_stats":{"semantic_results":0,"bm25_results":3,"sql_results":3,"final_results":3}}
[2025-09-28 01:50:10] [INFO] generateVietnameseResponse called {"userMessage":"find tour in hue and can tho with 3 days and budget below 5 millions","context_length":625,"metadata":{"match_level":"hybrid_match","confidence":0.4900000000000001}}
[2025-09-28 01:50:11] [ERROR] Gemini API error - generating fallback {"error_message":"HTTP error: 429","user_message":"find tour in hue and can tho with 3 days and budge","context_available":true}
[2025-09-28 01:50:11] [INFO] Hybrid response generated successfully {"response_type":"tour_search","layout_type":"multi_city_tours","confidence":0.4900000000000001,"display_items":3}
[2025-09-28 01:50:11] [INFO] Conversation saved successfully {"userId":1,"title":"Find Tour In Hue And..."}
[2025-09-28 01:50:11] [INFO] Message processed successfully {"processing_time_ms":975.77,"confidence":0.4900000000000001,"response_type":"tour_search","layout_type":"multi_city_tours","items_returned":3}
[2025-09-28 01:50:31] [INFO] RAG Chatbot initialized successfully {"userId":1,"components":{"database":"connected","gemini":"initialized","hybrid_retriever":"ready","response_generator":"ready"}}
[2025-09-28 01:50:31] [INFO] Processing message {"message":"find tour hue, can thơ and ha noi with 3 days and budget below 5 millions","history_count":5}
[2025-09-28 01:50:31] [INFO] Starting hybrid retrieval {"query":"find tour hue, can thơ and ha noi with 3 days and budget below 5 millions","intent":"tour_search"}
[2025-09-28 01:50:32] [WARNING] No vectors found in database 
[2025-09-28 01:50:32] [INFO] Hybrid retrieval completed successfully {"total_results":3,"confidence":0.4900000000000001,"retrieval_stats":{"semantic_results":0,"bm25_results":3,"sql_results":3,"final_results":3}}
[2025-09-28 01:50:32] [INFO] generateVietnameseResponse called {"userMessage":"find tour hue, can thơ and ha noi with 3 days and budget below 5 millions","context_length":552,"metadata":{"match_level":"hybrid_match","confidence":0.4900000000000001}}
[2025-09-28 01:50:32] [ERROR] Gemini API error - generating fallback {"error_message":"HTTP error: 429","user_message":"find tour hue, can thơ and ha noi with 3 days and","context_available":true}
[2025-09-28 01:50:32] [INFO] Hybrid response generated successfully {"response_type":"tour_search","layout_type":"multi_city_tours","confidence":0.4900000000000001,"display_items":3}
[2025-09-28 01:50:32] [INFO] Conversation saved successfully {"userId":1,"title":"Find Tour Hue Can Thơ..."}
[2025-09-28 01:50:32] [INFO] Message processed successfully {"processing_time_ms":987.01,"confidence":0.4900000000000001,"response_type":"tour_search","layout_type":"multi_city_tours","items_returned":3}
[2025-09-28 01:52:41] [INFO] RAG Chatbot initialized successfully {"userId":1,"components":{"database":"connected","gemini":"initialized","hybrid_retriever":"ready","response_generator":"ready"}}
[2025-09-28 01:52:41] [INFO] Processing message {"message":"tour in can tho with 3 day and tour in hue above 5 millions","history_count":5}
[2025-09-28 01:52:41] [INFO] Starting hybrid retrieval {"query":"tour in can tho with 3 day and tour in hue above 5 millions","intent":"tour_search"}
[2025-09-28 01:52:41] [WARNING] No vectors found in database 
[2025-09-28 01:52:41] [INFO] Hybrid retrieval completed successfully {"total_results":5,"confidence":0.5499999999999999,"retrieval_stats":{"semantic_results":0,"bm25_results":5,"sql_results":5,"final_results":5}}
[2025-09-28 01:52:41] [INFO] generateVietnameseResponse called {"userMessage":"tour in can tho with 3 day and tour in hue above 5 millions","context_length":835,"metadata":{"match_level":"hybrid_match","confidence":0.5499999999999999}}
[2025-09-28 01:52:41] [ERROR] Gemini API error - generating fallback {"error_message":"HTTP error: 429","user_message":"tour in can tho with 3 day and tour in hue above 5","context_available":true}
[2025-09-28 01:52:41] [INFO] Hybrid response generated successfully {"response_type":"tour_search","layout_type":"multi_city_tours","confidence":0.5499999999999999,"display_items":4}
[2025-09-28 01:52:41] [INFO] Conversation saved successfully {"userId":1,"title":"Tour In Can Tho With..."}
[2025-09-28 01:52:41] [INFO] Message processed successfully {"processing_time_ms":889.64,"confidence":0.5499999999999999,"response_type":"tour_search","layout_type":"multi_city_tours","items_returned":5}
[2025-09-28 01:53:19] [INFO] RAG Chatbot initialized successfully {"userId":1,"components":{"database":"connected","gemini":"initialized","hybrid_retriever":"ready","response_generator":"ready"}}
[2025-09-28 01:53:19] [INFO] Processing message {"message":"tour in hoi an with 2 day and tour in hue above 5 millions","history_count":5}
[2025-09-28 01:53:19] [INFO] Starting hybrid retrieval {"query":"tour in hoi an with 2 day and tour in hue above 5 millions","intent":"tour_search"}
[2025-09-28 01:53:21] [WARNING] No vectors found in database 
[2025-09-28 01:53:21] [INFO] Hybrid retrieval completed successfully {"total_results":2,"confidence":0.4600000000000001,"retrieval_stats":{"semantic_results":0,"bm25_results":2,"sql_results":2,"final_results":2}}
[2025-09-28 01:53:21] [INFO] generateVietnameseResponse called {"userMessage":"tour in hoi an with 2 day and tour in hue above 5 millions","context_length":365,"metadata":{"match_level":"hybrid_match","confidence":0.4600000000000001}}
[2025-09-28 01:53:21] [ERROR] Gemini API error - generating fallback {"error_message":"HTTP error: 429","user_message":"tour in hoi an with 2 day and tour in hue above 5 ","context_available":true}
[2025-09-28 01:53:21] [INFO] Hybrid response generated successfully {"response_type":"tour_search","layout_type":"multi_city_tours","confidence":0.4600000000000001,"display_items":2}
[2025-09-28 01:53:21] [INFO] Conversation saved successfully {"userId":1,"title":"Tour In Hoi An With..."}
[2025-09-28 01:53:21] [INFO] Message processed successfully {"processing_time_ms":2000.27,"confidence":0.4600000000000001,"response_type":"tour_search","layout_type":"multi_city_tours","items_returned":2}
